Year,Org_Name,Funding_Round_Type,Funding_Amt_USD,Funding_Stage
2018,Zelros,Series A,4532800,Early Stage
2018,Axyon AI,Series Unknown,1473160,Uncategorized
2018,Oriente,Series A,105000000,Early Stage
2018,MDOTM AI-Driven Investment Strategies,Series A,2270400,Early Stage
2018,QuantumSense,Seed,0,Seed
2018,OnSiteIQ,Seed,2000000,Seed
2018,Syndio Solutions,Seed,5200000,Seed
2018,Knowtions Research,Series A,4999999,Early Stage
2018,Fluidly,Series A,6475933,Early Stage
2018,Fraugster,Series B,14000000,Early Stage
2018,Meniga,Series Unknown,3428400,Uncategorized
2018,LogosBlock,Seed,750000,Seed
2018,AND Global Pte.Ltd,Seed,5300000,Seed
2018,Symend,Grant,175000,Seed
2018,Heliocor,Pre Seed,1700000,Seed
2018,omni:us,Series A,22402840,Early Stage
2018,AppZen,Series B,35000000,Early Stage
2018,PeopleFund,Series B,11000000,Early Stage
2018,HyperProof,Series Unknown,1750000,Uncategorized
2018,Blue Ocean Robotics,Series Unknown,17102220,Uncategorized
2018,Skyline Partners,Series Unknown,0,Uncategorized
2018,Finn AI,Series A,10696357,Early Stage
2018,SHADE.ai,Seed,0,Seed
2018,Stakana Analytics,Seed,0,Seed
2018,Lokalist,Pre Seed,46007,Seed
2018,MK Decision,Pre Seed,938000,Seed
2018,Tokendata,Initial Coin Offering,0,Uncategorized
2018,Delos,Seed,205000,Seed
2018,10XTS,Series A,0,Early Stage
2018,Solisite,Seed,160000,Seed
2018,Akselos,Series Unknown,10000000,Uncategorized
2018,Canopy,Series A,4800000,Early Stage
2018,Cleo,Series A,10000000,Early Stage
2018,Funding Options,Series Unknown,6642397,Uncategorized
2018,Site 1001 Inc.,Series Unknown,6275000,Uncategorized
2018,Responsive,Seed,845580,Seed
2018,AdviceRobo,Series Unknown,0,Uncategorized
2018,Scylla,Seed,0,Seed
2018,InfoBionic,Series Unknown,50000000,Uncategorized
2018,Cosmo Tech,Series B,21000000,Early Stage
2018,Ravelin,Series B,10395652,Early Stage
2018,Harvest Platform,Series Unknown,0,Uncategorized
2018,Fintros,Funding Round,0,Uncategorized
2018,FairFrame,Pre Seed,120000,Seed
2018,OakNorth,Series B,100000000,Early Stage
2018,CloudCherry,Series A,9000000,Early Stage
2018,Portal Finance,Series Unknown,200000000,Uncategorized
2018,Sarwa.co,Seed,1300000,Seed
2018,Receptiviti,Series A,1763908,Early Stage
2018,Symmetrical.ai,Funding Round,291275,Uncategorized
2018,RE Solutions,Convertible Note,0,Seed
2018,Eirium Technologies,Pre Seed,0,Seed
2018,Loro co.,Seed,0,Seed
2018,Pagaya,Series B,14000000,Early Stage
2018,Colendi,Series Unknown,2500000,Uncategorized
2018,Deserve,Series C,17000000,Late Stage
2018,Exabel,Seed,4710000,Seed
2018,Galaxy.AI,Series Unknown,2899999,Uncategorized
2018,Rippleshot,Convertible Note,1500000,Seed
2018,DueDil,Series C,10210331,Late Stage
2018,Drawbridge,Series Unknown,15000000,Uncategorized
2018,Rotageek,Series Unknown,5105165,Uncategorized
2018,FeedStock,Series Unknown,0,Uncategorized
2018,Portal Finance,Seed,1600000,Seed
2018,Quantexa,Series B,20000000,Early Stage
2018,OTTOO,Seed,50000,Seed
2018,Cove,Seed,1361028,Seed
2018,Halos Insurance,Angel,120000,Seed
2018,Voiceitt,Seed,20000,Seed
2018,Tradeteq,Seed,6300000,Seed
2018,DPOrganizer,Series A,3512100,Early Stage
2018,Cignifi,Series Unknown,4250000,Uncategorized
2018,Kellify,Seed,1730000,Seed
2018,FitBliss Inc.,Convertible Note,119999,Seed
2018,Cybertonica Ltd.,Grant,117350,Seed
2018,Bambu,Series A,3000000,Early Stage
2018,Sift Science,Secondary Market,0,Late Stage
2018,Lumiata,Series B,11000000,Early Stage
2018,CallVU,Series A,0,Early Stage
2018,IZICAP,Series Unknown,6985199,Uncategorized
2018,Exo Investing,Seed,19247250,Seed
2018,ThetaRay,Series B,30000000,Early Stage
2018,Sigma Ratings Inc.,Seed,2400000,Seed
2018,AnChain.ai,Seed,0,Seed
2018,7 Chord,Seed,517000,Seed
2018,Zliide,Seed,984418,Seed
2018,Panda Technology,Angel,1511000,Seed
2018,Formotiv,Seed,405000,Seed
2018,Neotic,Seed,0,Seed
2018,Boatsetter,Series A,3300000,Early Stage
2018,Emailage,Series B,10000000,Early Stage
2018,Plum,Equity Crowdfunding,781746,Uncategorized
2018,AND Global Pte.Ltd,Debt Financing,1251000,Uncategorized
2018,UniBit Inc.,Seed,0,Seed
2018,GTop Group Inc.,Seed,500000,Seed
2018,DocAuthority,Series A,10000000,Early Stage
2018,Meniga,Series Unknown,3600000,Uncategorized
2018,iPampas,Seed,0,Seed
2018,PayScanner,Seed,332715,Seed
2018,Teleporter,Seed,40000,Seed
2018,Wisboo,Seed,40000,Seed
2018,Codela,Seed,40000,Seed
2018,Kuan Intelligence,Seed,40000,Seed
2018,Smart Mimic,Seed,40000,Seed
2018,Publicfast,Seed,40000,Seed
2018,Cabture,Seed,40000,Seed
2018,VeriSmart,Seed,40000,Seed
2018,OnSiteIQ,Pre Seed,0,Seed
2018,sensfix,Seed,40000,Seed
2018,KOMPAS,Seed,40000,Seed
2018,Digital Claim,Seed,500000,Seed
2018,Volareo,Seed,0,Seed
2018,Optiyol,Seed,40000,Seed
2018,Change Labs,Series Unknown,1400000,Uncategorized
2018,Agate,Initial Coin Offering,700000,Uncategorized
2018,Property Passbook,Seed,625000,Seed
2018,Flock Ltd.,Seed,2984232,Seed
2018,Uppsala Foundation,Initial Coin Offering,8000000,Uncategorized
2018,Heliocor,Pre Seed,1000000,Seed
2018,The Odyssey Project Inc.,Seed,0,Seed
2018,RemitRix,Seed,260000,Seed
2018,Figure,Series A,50000000,Early Stage
2018,Techwisely Ltd,Seed,66683,Seed
2018,Vidrona,Grant,80020,Seed
2018,Lending Express,Seed,2700000,Seed
2018,CashDirector SA,Seed,0,Seed
2018,ODN,Seed,0,Seed
2018,Xinshu Credit,Seed,0,Seed
2018,TruValue Labs,Series A,13600000,Early Stage
2018,Flook,Series A,0,Early Stage
2018,Exabel,Grant,1750000,Seed
2018,Evovest,Seed,332728,Seed
2018,IPwe,Series Unknown,2050000,Uncategorized
2018,Safehub,Convertible Note,0,Seed
2018,Mark Labs,Convertible Note,0,Seed
2018,FairFrame,Grant,75000,Seed
2018,Quovo,Series B,4800000,Early Stage
2018,InsureVite,Angel,10000,Seed
2018,Buck.ai,Seed,40000,Seed
2018,Stackin',Series Unknown,2000000,Uncategorized
2018,KapitalWise,Seed,0,Seed
2018,VeriSmart,Seed,200000,Seed
2018,Taste,Seed,0,Seed
2018,UniBit Inc.,Seed,0,Seed
2018,Tethr,Series Unknown,0,Uncategorized
2018,Invacio Research Analytica,Initial Coin Offering,400000,Uncategorized
2018,Voiceitt,Seed,0,Seed
2018,Figure,Series Unknown,50000000,Uncategorized
2018,Dave Inc.,Debt Financing,10000000,Uncategorized
2018,Relativity6,Seed,0,Seed
2018,Deserve,Debt Financing,50000000,Uncategorized
2018,Meniga,Series Unknown,3671400,Uncategorized
2018,LassoX,Series Unknown,1999999,Uncategorized
2018,Advanced Virtual,Series A,2500000,Early Stage
2018,Poleecy,Seed,369270,Seed
2018,savedroid,Initial Coin Offering,50000000,Uncategorized
2018,CarBlip,Seed,2000000,Seed
2018,Bellabeat,Series Unknown,0,Uncategorized
2018,Element Inc,Series A,12000000,Early Stage
2018,Kristal.AI (O2O Technologies Pte Ltd),Seed,1850000,Seed
2018,Arkera,Funding Round,5611304,Uncategorized
2018,Voiceitt,Convertible Note,500000,Seed
2018,GlobalWonks,Seed,349999,Seed
2018,BlockClaim,Seed,633723,Seed
2018,Saffe,Seed,0,Seed
2018,Ayomi,Seed,1232100,Seed
2018,Efortles Inc,Seed,30000,Seed
2018,Creditas Solutions,Seed,0,Seed
2018,Sift Science,Series D,53000000,Late Stage
2018,zeroone.ai,Seed,23112,Seed
2018,iChain Inc.,Seed,460000,Seed
2018,ForwardLane,Seed,4750000,Seed
2018,CoAlpha,Angel,0,Seed
2018,BovaMetrics,Seed,100000,Seed
2018,SESAMm,Series A,3195660,Early Stage
2018,Sift Science,Secondary Market,0,Late Stage
2018,BlockchainCybertech Limited,Series A,200000,Early Stage
2018,Rossum,Seed,750000,Seed
2018,Capte,Non Equity Assistance,0,Seed
2018,Volareo,Seed,0,Seed
2018,Hummingbird Technologies,Series A,4836027,Early Stage
2018,Tradeteq,Seed,0,Seed
2018,Arkera,Series A,5499774,Early Stage
2018,Ascent Technologies Inc.,Series A,6000000,Early Stage
2018,Sunbit,Series B,0,Early Stage
2018,Workspez,Seed,0,Seed
2018,Lunar Digital Assets,Seed,0,Seed
2018,Artificial Labs,Convertible Note,1381439,Seed
2018,Pagaya,Debt Financing,75000000,Uncategorized
2018,UniBit Inc.,Seed,300000,Seed
2018,GeoSpock Ltd.,Series A,6600000,Early Stage
2018,QARA Soft,Seed,999999,Seed
2018,Wearable X,Funding Round,0,Uncategorized
2018,DataVisor,Series C,40000000,Late Stage
2018,Apical Technology,Seed,0,Seed
2018,Bruno,Seed,1244000,Seed
2018,Ocrolus,Seed,0,Seed
2018,WeTuring,Seed,2000000,Seed
2018,ForCity,Series A,9965600,Early Stage
2018,Bkper,Seed,0,Seed
2018,Saagie,Series A,6189500,Early Stage
2018,NetObjex,Equity Crowdfunding,107000,Uncategorized
2018,Swoup,Seed,0,Seed
2018,TypingDNA,Seed,100000,Seed
2018,Allure Security Technology Inc.,Seed,5300000,Seed
2018,OptaCredit,Debt Financing,3999999,Uncategorized
2018,humn.ai,Pre Seed,0,Seed
2018,NetPay,Debt Financing,1387062,Uncategorized
2018,RootAnt,Angel,84999,Seed
2018,savedroid,Series Unknown,1834499,Uncategorized
2018,Parabole.ai,Convertible Note,1650000,Seed
2018,Awen Collective Ltd,Seed,0,Seed
2018,moneytor,Seed,300000,Seed
2018,BISON,Series Unknown,0,Uncategorized
2018,Irisbond,Series B,1472679,Early Stage
2018,CLARA analytics,Series A,11500000,Early Stage
2018,MoneyLion,Series B,42000000,Early Stage
2018,Liquid Mortgage Inc.,Seed,0,Seed
2018,SoT - Security of Things,Seed,0,Seed
2018,CoAlpha,Seed,0,Seed
2018,Matcha Fund,Seed,500000,Seed
2018,Digital Claim,Seed,150000,Seed
2018,Invacio Research Analytica,Initial Coin Offering,4050000,Uncategorized
2017,ThinkerZero,Seed,125000,Seed
2017,10XTS,Seed,400000,Seed
2017,DocAuthority,Convertible Note,0,Seed
2017,AND Global Pte.Ltd,Debt Financing,3000000,Uncategorized
2017,Coinify ApS,Series A,4800000,Early Stage
2017,Safesite,Seed,0,Seed
2017,Lemonade,Series C,120000000,Late Stage
2017,ZASTI,Seed,0,Seed
2017,Canopy,Series Unknown,3400000,Uncategorized
2017,Syndio Solutions,Seed,650000,Seed
2017,Kasisto,Series B,17000000,Early Stage
2017,Simility,Series B,17500000,Early Stage
2017,Quantemplate,Series A,3340032,Early Stage
2017,Agate,Product Crowdfunding,300000,Uncategorized
2017,Cytora,Series A,5900000,Early Stage
2017,cover2protect,Seed,100000,Seed
2017,DataSine,Non Equity Assistance,0,Seed
2017,Tattoodo,Series Unknown,4942554,Uncategorized
2017,Iris.ai,Seed,2000000,Seed
2017,Link Big,Seed,168600,Seed
2017,DPOrganizer,Series A,3566400,Early Stage
2017,Yapily,Seed,0,Seed
2017,First Access,Series A,7000000,Early Stage
2017,DreamQuark,Series Unknown,3500000,Uncategorized
2017,NS8 Inc,Seed,7500000,Seed
2017,Zego,Series A,7917435,Early Stage
2017,Tipigo,Seed,1000000,Seed
2017,Sigma Ratings Inc.,Seed,700000,Seed
2017,Behavox,Series B,20000000,Early Stage
2017,Active.ai,Series A,8250000,Early Stage
2017,wefox Group,Debt Financing,5000000,Uncategorized
2017,Accern,Seed,3000000,Seed
2017,SharpCloud Software,Funding Round,0,Uncategorized
2017,DAYLI Financial Group,Series B,0,Early Stage
2017,RISKGenius,Series A,2950000,Early Stage
2017,OakNorth,Series B,117981849,Early Stage
2017,AppZen,Series A,13000000,Early Stage
2017,HelloSoda,Debt Financing,1993248,Uncategorized
2017,TruValue Labs,Convertible Note,0,Seed
2017,Symend,Seed,0,Seed
2017,HelloSoda,Private Equity,5315328,Private Equity
2017,Pagaya,Funding Round,2000000,Uncategorized
2017,Houzen,Angel,664416,Seed
2017,GlobalWonks,Pre Seed,150000,Seed
2017,Novo,Convertible Note,999999,Seed
2017,7 Chord,Convertible Note,100000,Seed
2017,Qanta.ai,Convertible Note,100000,Seed
2017,Insurdata,Seed,1000000,Seed
2017,Bud,Seed,1975465,Seed
2017,Tethr,Series A,15000000,Early Stage
2017,Deserve,Series C,12000000,Late Stage
2017,Finn AI,Seed,3000000,Seed
2017,DataSine,Seed,1181800,Seed
2017,7 Chord,Seed,20000,Seed
2017,AirHelp,Series Unknown,0,Uncategorized
2017,Dave Inc.,Series Unknown,13300000,Uncategorized
2017,Intelligo Group,Series A,5700000,Early Stage
2017,Sum&Substance,Seed,0,Seed
2017,Feedzai,Series C,0,Late Stage
2017,Feedzai,Series C,50000000,Late Stage
2017,Valid8,Seed,0,Seed
2017,OakNorth,Series B,211538316,Early Stage
2017,Anryze,Initial Coin Offering,1700000,Uncategorized
2017,RemitRix,Seed,267286,Seed
2017,ThirdWatch (Stopping Fraud and RTO using AI),Seed,0,Seed
2017,RootAnt,Angel,229976,Seed
2017,TalkBank,Seed,999999,Seed
2017,Wireless Registry,Series A,6200000,Early Stage
2017,Featurespace,Series Unknown,21909415,Uncategorized
2017,Tensorflight,Seed,0,Seed
2017,encompass,Series Unknown,796706,Uncategorized
2017,QuantCube Technology,Seed,70836,Seed
2017,WeGaw,Grant,271538,Seed
2017,IceKredit,Series B,25000000,Early Stage
2017,VeriSmart,Seed,75000,Seed
2017,Fluidly,Seed,2687967,Seed
2017,GenoNova,Series A,0,Early Stage
2017,DEVCON DETECT,Seed,0,Seed
2017,Onfido,Series C,30000000,Late Stage
2017,Artivatic.ai,Angel,152694,Seed
2017,CogniCor,Convertible Note,0,Seed
2017,Digital Shadows,Series C,26000000,Late Stage
2017,Clearcover,Series A,11500000,Early Stage
2017,DEVCON DETECT,Convertible Note,0,Seed
2017,Elafris,Series Unknown,0,Uncategorized
2017,HEXANIKA,Series Unknown,99999,Uncategorized
2017,Sarwa.co,Seed,0,Seed
2017,YayPay,Series Unknown,5300000,Uncategorized
2017,Link Big,Seed,98248,Seed
2017,WeGroup,Seed,179955,Seed
2017,Artificial Labs,Seed,1321383,Seed
2017,Ark Paradigm,Grant,60782,Seed
2017,Plum,Equity Crowdfunding,1204812,Uncategorized
2017,Tookitaki,Seed,20000,Seed
2017,CreditVidya,Series B,5000000,Early Stage
2017,Thalman Health,Grant,0,Seed
2017,Techwisely Ltd,Seed,64729,Seed
2017,Responsive,Seed,250000,Seed
2017,Keybe INC,Pre Seed,0,Seed
2017,Sigma Ratings Inc.,Grant,0,Seed
2017,Waymark Tech,Seed,35760,Seed
2017,Parabole.ai,Convertible Note,700000,Seed
2017,ABC Fintech,Series A,29999999,Early Stage
2017,Sky-Futures,Series B,4000000,Early Stage
2017,OnSiteIQ,Pre Seed,0,Seed
2017,AND Global Pte.Ltd,Seed,4000000,Seed
2017,Hyper Anna,Series A,12688018,Early Stage
2017,ABAKA Holdings,Seed,1609312,Seed
2017,The Beans,Seed,100000,Seed
2017,KapeIQ,Angel,5500000,Seed
2017,Socure Inc.,Series B,13900000,Early Stage
2017,HEXANIKA,Seed,100000,Seed
2017,MinerEye,Seed,3600000,Seed
2017,Stratyfy,Seed,900000,Seed
2017,FitBliss Inc.,Angel,80000,Seed
2017,Vic.ai,Seed,1500000,Seed
2017,UnifyID,Series A,20000000,Early Stage
2017,compaio,Series Unknown,0,Uncategorized
2017,Essence Intelligence,Funding Round,0,Uncategorized
2017,Cove,Seed,0,Seed
2017,iChain Inc.,Seed,500000,Seed
2017,NetObjex,Corporate Round,250000,Late Stage
2017,Brolly,Seed,1314257,Seed
2017,Cleo,Seed,2608569,Seed
2017,CallVU,Series Unknown,5000000,Uncategorized
2017,Aire,Series A,5000000,Early Stage
2017,Monsoon CreditTech,Angel,0,Seed
2017,Accrue,Non Equity Assistance,0,Seed
2017,Drawbridge,Funding Round,5240000,Uncategorized
2017,FinTech Studios,Seed,1000000,Seed
2017,Drawbridge,Series C,0,Late Stage
2017,Zego,Seed,1614620,Seed
2017,Artivatic.ai,Angel,0,Seed
2017,Bokio,Seed,3539270,Seed
2017,Site 1001 Inc.,Series A,6000000,Early Stage
2017,Kudi,Seed,0,Seed
2017,Aureus Analytics,Seed,0,Seed
2017,PointPredictive,Series A,0,Early Stage
2017,DEVCON DETECT,Seed,1290000,Seed
2017,GenoNova,Seed,0,Seed
2017,Voiceitt,Grant,1594064,Seed
2017,Walnut Algorithms,Grant,479304,Seed
2017,Mensajea,Seed,0,Seed
2017,Accrumental Inc.,Convertible Note,0,Seed
2017,VendorMach,Seed,800000,Seed
2017,Riskified,Series C,33000000,Late Stage
2017,Bankorus,Non Equity Assistance,0,Seed
2017,Organic Basics,Seed,0,Seed
2017,RecommenderX,Non Equity Assistance,0,Seed
2017,OnSiteIQ,Pre Seed,0,Seed
2017,CyStellar,Grant,0,Seed
2017,Cignifi,Series Unknown,0,Uncategorized
2017,Cosmo Tech,Series B,3346800,Early Stage
2017,AimBrain,Series A,5118489,Early Stage
2017,Walnut Algorithms,Seed,0,Seed
2017,Walnut Algorithms,Series Unknown,725790,Uncategorized
2017,Compliance.ai,Series Unknown,4000000,Uncategorized
2017,EquBot,Seed,335000,Seed
2017,Basiq,Seed,0,Seed
2017,PeopleFund,Series A,5700000,Early Stage
2017,Akselos,Series Unknown,0,Uncategorized
2017,Scanye,Seed,0,Seed
2017,BUNCH,Seed,200000,Seed
2017,AltHub LLC,Seed,0,Seed
2017,Elafris,Seed,0,Seed
2017,CompareAsiaGroup,Series B,50000000,Early Stage
2017,UNFRAUD,Grant,56094,Seed
2017,Workspez,Seed,0,Seed
2017,Voiceitt,Seed,2000000,Seed
2017,LeO,Seed,0,Seed
2017,Preseries,Seed,1121900,Seed
2017,Axyon AI,Convertible Note,224379,Seed
2017,Liber Finance Group,Seed,2243800,Seed
2017,twingz,Seed,111730,Seed
2017,Stackin',Seed,1000000,Seed
2017,Pairity,Seed,0,Seed
2017,Aira Tech Corp,Series B,12000000,Early Stage
2017,Accern,Seed,1250000,Seed
2017,Kreditech Holding,Corporate Round,119702000,Late Stage
2017,Moneytree,Series B,8906568,Early Stage
2017,OTTOO,Seed,19999,Seed
2017,Smile Identity,Seed,0,Seed
2017,CashDirector SA,Seed,1500000,Seed
2017,AND Global Pte.Ltd,Debt Financing,417000,Uncategorized
2017,Kudi,Seed,0,Seed
2017,KapitalWise,Seed,0,Seed
2017,Awaait Artificial Intelligence S.L.,Grant,1202300,Seed
2017,Pulse iD,Series A,0,Early Stage
2017,Quovo,Series B,10000000,Early Stage
2017,AIMO,Seed,16339,Seed
2017,Dave Inc.,Seed,3000000,Seed
2017,Black Swan Technology,Series A,3000000,Early Stage
2017,NS8 Inc,Seed,250000,Seed
2017,Lemonade,Series Unknown,0,Uncategorized
2017,IceKredit,Series A,18000000,Early Stage
2017,Portal Finance,Seed,0,Seed
2017,Vic.ai,Convertible Note,0,Seed
2017,Narrative Science,Series D,11000000,Late Stage
2017,Yedup Limited,Seed,627042,Seed
2017,Pulse iD,Series A,3800000,Early Stage
2017,Pulse iD,Seed,0,Seed
2017,Meniga,Series Unknown,7972500,Uncategorized
2017,Emerada,Seed,2500000,Seed
2017,Century Analytics,Seed,0,Seed
2017,Artivatic.ai,Angel,0,Seed
2017,Iris.ai,Seed,0,Seed
2017,savedroid,Series Unknown,0,Uncategorized
2017,Workspez,Seed,0,Seed
2017,Harvesting Inc,Series Unknown,0,Uncategorized
2017,Yongqianbao,Series C,67651693,Late Stage
2017,Saffe,Pre Seed,20000,Seed
2017,Creamfinance,Series B,22866900,Early Stage
2017,Mujo Mechanics,Angel,1871535,Seed
2017,DPOrganizer,Series Unknown,0,Uncategorized
2017,Delos,Non Equity Assistance,0,Seed
2017,Quantexa,Series A,3300000,Early Stage
2017,Kudi,Seed,120000,Seed
2017,Neotic,Seed,0,Seed
2017,Satoshi Systems Limited,Seed,1545016,Seed
2017,Lokalist,Seed,70000,Seed
2017,Insurify,Series Unknown,4600000,Uncategorized
2017,FeedStock,Series Unknown,0,Uncategorized
2017,Jellynote,Seed,800000,Seed
2017,Waymark Tech,Non Equity Assistance,0,Seed
2017,Bayonet,Seed,0,Seed
2017,HealthyRoad,Seed,0,Seed
2017,NetObjex,Angel,132000,Seed
2017,Agate,Seed,480000,Seed
2017,Neuroprofiler,Non Equity Assistance,0,Seed
2017,Taste,Angel,160000,Seed
2017,Parabole.ai,Convertible Note,500000,Seed
2017,Digital Fingerprints,Seed,2000000,Seed
2017,BizNexus,Convertible Note,300000,Seed
2017,OnSiteIQ,Pre Seed,0,Seed
2017,Rossum,Seed,250000,Seed
2017,VATBox,Series Unknown,20000000,Uncategorized
2017,Workspez,Seed,0,Seed
2017,Tensorflight,Angel,0,Seed
2017,Float,Seed,3000000,Seed
2017,Rippleshot,Series Unknown,2600000,Uncategorized
2017,TALK Accounting,Convertible Note,500000,Seed
2017,Tookitaki,Series A,3000000,Early Stage
2017,Aureus Analytics,Series Unknown,0,Uncategorized
2017,RISC.ai,Series Unknown,0,Uncategorized
2017,Valid8,Convertible Note,100000,Seed
2017,Fenris,Convertible Note,0,Seed
2017,Anryze,Seed,130000,Seed
2017,Bokio,Seed,0,Seed
2017,Predictive Inc.,Convertible Note,350000,Seed
2017,Whistler Technologies,Convertible Note,100000,Seed
2017,Cleo,Angel,700000,Seed
2017,ForwardLane,Seed,1400000,Seed
2017,Fraugster,Series Unknown,5000000,Uncategorized
2017,Kasisto,Series A,9200000,Early Stage
2017,Cytora,Angel,2951256,Seed
2017,YAXA,Convertible Note,0,Seed
2017,NS8 Inc,Seed,900000,Seed
2017,OakNorth,Series B,33771359,Early Stage
2017,Barac,Seed,0,Seed
2017,VeriSmart,Seed,140000,Seed
2017,LeO,Seed,0,Seed
2017,OTTOO,Seed,0,Seed
2017,RE Solutions,Seed,1500000,Seed
2017,Valid8,Seed,0,Seed
2017,GTop Group Inc.,Seed,1000,Seed
2017,SoT - Security of Things,Non Equity Assistance,0,Seed
2017,Pagaya,Series Unknown,2000000,Uncategorized
2017,Algosave,Seed,0,Seed
2017,Avocado Systems,Angel,1000000,Seed
2017,TALK Accounting,Seed,400000,Seed
2016,Mujo Mechanics,Grant,246233,Seed
2016,GroupSense,Seed,0,Seed
2016,Tattoodo,Series Unknown,8500000,Uncategorized
2016,Rotageek,Series A,1466168,Early Stage
2016,IQCIO,Seed,750000,Seed
2016,Flock Ltd.,Seed,123706,Seed
2016,Axyon AI,Convertible Note,52110,Seed
2016,Zighra,Seed,1000000,Seed
2016,Kreditech Holding,Corporate Round,10400000,Late Stage
2016,HEXANIKA,Convertible Note,0,Seed
2016,Flock Ltd.,Seed,507080,Seed
2016,Socure Inc.,Series A,13000000,Early Stage
2016,AgentRISK - Superhuman Wealth Management,Angel,300000,Seed
2016,Black Swan Technology,Seed,250000,Seed
2016,ABAKA Holdings,Angel,886334,Seed
2016,Whistler Technologies,Seed,850000,Seed
2016,Symend,Seed,1000000,Seed
2016,CRISK Co,Grant,74567,Seed
2016,Syndio Solutions,Seed,1250000,Seed
2016,MoneyLion,Series A,25499428,Early Stage
2016,Lemonade,Series B,34000000,Early Stage
2016,Blanc Labs,Series Unknown,1492556,Uncategorized
2016,Voiceitt,Grant,53135,Seed
2016,Link Big,Angel,63182,Seed
2016,Safesite,Seed,0,Seed
2016,Link Big,Angel,50000,Seed
2016,DeepVu,Non Equity Assistance,0,Seed
2016,Oriente,Seed,0,Seed
2016,IOMED,Grant,53174,Seed
2016,KiaKia,Seed,40000,Seed
2016,Finfox,Angel,0,Seed
2016,omni:us,Seed,4501140,Seed
2016,Saagie,Series A,4501140,Early Stage
2016,untapt,Convertible Note,2000000,Seed
2016,Active.ai,Series Unknown,3000000,Uncategorized
2016,DAYLI Financial Group,Series A,39818000,Early Stage
2016,Flowcast,Seed,2300000,Seed
2016,Tuhu,Series D,14785118,Late Stage
2016,Flock Ltd.,Non Equity Assistance,0,Seed
2016,LUXLOCK,Seed,61500,Seed
2016,Mark Labs,Grant,0,Seed
2016,DEVCON DETECT,Angel,50000,Seed
2016,RemitRadar,Non Equity Assistance,300000,Seed
2016,Galaxy.AI,Grant,0,Seed
2016,TypingDNA,Seed,0,Seed
2016,Mile Auto,Seed,1000000,Seed
2016,Feedzai,Series Unknown,0,Uncategorized
2016,Ravelin,Series A,3682130,Early Stage
2016,Hyper Anna,Series Unknown,953643,Uncategorized
2016,Opportunity International,Funding Round,0,Uncategorized
2016,BISON,Series A,3000000,Early Stage
2016,Change Labs,Series Unknown,0,Uncategorized
2016,Plum,Seed,500000,Seed
2016,Aire,Series Unknown,2000000,Uncategorized
2016,Naborly,Angel,2400000,Seed
2016,Docyt,Series Unknown,0,Uncategorized
2016,Plasmatic Technologies Inc.,Angel,0,Seed
2016,Zego,Angel,194435,Seed
2016,Dooer,Series Unknown,4600000,Uncategorized
2016,encompass,Series Unknown,4670607,Uncategorized
2016,CloudCherry,Series A,6000000,Early Stage
2016,Site 1001 Inc.,Series A,5000000,Early Stage
2016,wefox Group,Series A,28000000,Early Stage
2016,Text IQ,Series A,3000000,Early Stage
2016,Voiceitt,Seed,0,Seed
2016,WealthArc,Seed,1200000,Seed
2016,Exabel,Seed,3770000,Seed
2016,Akselos,Series Unknown,2264842,Uncategorized
2016,NS8 Inc,Convertible Note,225000,Seed
2016,TalkBank,Seed,0,Seed
2016,Cofame,Seed,0,Seed
2016,Intensity Analytics Corporation,Series Unknown,5000000,Uncategorized
2016,Hafta,Angel,29483,Seed
2016,Galaxy.AI,Seed,0,Seed
2016,TransferFriend,Angel,0,Seed
2016,Accern,Angel,185000,Seed
2016,Ascent Technologies Inc.,Seed,1200000,Seed
2016,Yongqianbao,Series B,23364956,Early Stage
2016,DPOrganizer,Convertible Note,35744,Seed
2016,Deserve,Series B,7100000,Early Stage
2016,Meniga,Series Unknown,8277469,Uncategorized
2016,Lemonade,Series A,13000000,Early Stage
2016,Roger.ai,Seed,0,Seed
2016,Sway Finance,Seed,120000,Seed
2016,NS8 Inc,Seed,0,Seed
2016,Trusted Insight,Series A,0,Early Stage
2016,Onfido,Series Unknown,0,Uncategorized
2016,Hafta,Angel,29763,Seed
2016,First Access,Debt Financing,750000,Uncategorized
2016,VeriSmart,Pre Seed,250000,Seed
2016,DueDil,Grant,2791000,Seed
2016,Digital Clipboard,Angel,600000,Seed
2016,Cazana,Series Unknown,990418,Uncategorized
2016,Predictive Inc.,Convertible Note,150000,Seed
2016,Evalu,Grant,55820,Seed
2016,Bambu,Seed,400000,Seed
2016,Cytora,Series Unknown,0,Uncategorized
2016,RISKGenius,Series Unknown,0,Uncategorized
2016,Kristal.AI (O2O Technologies Pte Ltd),Seed,1200000,Seed
2016,Trim,Seed,2200000,Seed
2016,Property Passbook,Convertible Note,0,Seed
2016,ZestFinance,Funding Round,0,Uncategorized
2016,Iris.ai,Angel,422864,Seed
2016,Behavox,Series A,0,Early Stage
2016,DueDil,Series B,8000000,Early Stage
2016,Relativity6,Angel,0,Seed
2016,FIBMESH,Pre Seed,0,Seed
2016,AppZen,Seed,2900000,Seed
2016,savedroid,Seed,1133200,Seed
2016,Trooly,Series A,10000000,Early Stage
2016,KiaKia,Angel,10000,Seed
2016,LassoX,Seed,135927,Seed
2016,Finfox,Non Equity Assistance,0,Seed
2016,Satago,Debt Financing,4373462,Uncategorized
2016,Satago,Series Unknown,2332513,Uncategorized
2016,CreditVidya,Series A,2000000,Early Stage
2016,FitBliss Inc.,Angel,180000,Seed
2016,SESAMm,Seed,1115400,Seed
2016,Walnut Algorithms,Seed,446960,Seed
2016,Bayonet,Seed,0,Seed
2016,Simility,Seed,1500000,Seed
2016,DataSine,Seed,0,Seed
2016,Featurespace,Series Unknown,9000000,Uncategorized
2016,DUNFORCE,Seed,111389,Seed
2016,Lumiata,Series B,10000000,Early Stage
2016,untapt,Convertible Note,458000,Seed
2016,Bird.i,Grant,350888,Seed
2016,Bled Tech,Seed,265000,Seed
2016,Canopy,Series A,2350000,Early Stage
2016,DataVisor,Series B,0,Early Stage
2016,Olivia AI,Seed,500000,Seed
2016,HEXANIKA,Seed,50000,Seed
2016,Pagaya,Seed,1250000,Seed
2016,Drawbridge,Series C,28000000,Late Stage
2016,Active.ai,Seed,500000,Seed
2016,HealthyRoad,Grant,182448,Seed
2016,Open RISK  Exchange,Series Unknown,0,Uncategorized
2016,Bankorus,Seed,2999999,Seed
2016,Wireless Registry,Series Unknown,395000,Uncategorized
2016,VendorMach,Seed,20000,Seed
2016,Sonalytic,Non Equity Assistance,0,Seed
2016,CogniSent,Angel,0,Seed
2016,Social Market Analytics,Series Unknown,759999,Uncategorized
2016,Onfido,Series B,25000000,Early Stage
2016,Emailage,Series A,5674970,Early Stage
2016,twingz,Seed,17085,Seed
2016,YayPay,Convertible Note,100000,Seed
2016,HelloSoda,Seed,0,Seed
2016,Zighra,Seed,1000000,Seed
2016,Whistler Technologies,Convertible Note,25000,Seed
2016,Oriense,Grant,50000,Seed
2016,FixNix Inc.,Seed,500000,Seed
2016,Kreditech Holding,Series C,11171000,Late Stage
2016,Creamfinance,Series Unknown,1110000,Uncategorized
2016,QuiznGifts,Seed,60099,Seed
2016,LUXLOCK,Non Equity Assistance,0,Seed
2016,Yongqianbao,Series B,0,Early Stage
2016,Selerity,Series C,4200000,Late Stage
2016,Mujo Mechanics,Non Equity Assistance,0,Seed
2016,Ampliphae Ltd,Seed,1963363,Seed
2016,Aira Tech Corp,Series A,2550000,Early Stage
2016,HealthyRoad,Seed,70668,Seed
2016,Meniga,Grant,85109,Seed
2016,Aureus Analytics,Non Equity Assistance,0,Seed
2016,Vidrona,Grant,55899,Seed
2016,Sky-Futures,Series A,5700000,Early Stage
2016,Riskified,Series B,25000000,Early Stage
2016,Digital Shadows,Series B,13999999,Early Stage
2016,Flowcast,Convertible Note,0,Seed
2016,VendorMach,Non Equity Assistance,0,Seed
2016,siyea,Angel,0,Seed
2016,Canard Drones,Grant,54420,Seed
2016,YayPay,Seed,0,Seed
2016,Novofina,Seed,1092000,Seed
2016,Aire,Series Unknown,3600000,Uncategorized
2016,ForwardLane,Seed,575000,Seed
2016,Insurify,Seed,2000000,Seed
2016,MK Decision,Angel,141000,Seed
2016,Financial Network Analytics,Seed,27284,Seed
2016,Wireless Registry,Seed,1700000,Seed
2016,Horus Technology,Seed,900000,Seed
2016,wefox Group,Seed,5499999,Seed
2016,Skymatics,Seed,0,Seed
2016,Peotic Technologies,Angel,400000,Seed
2016,Zighra,Seed,0,Seed
2016,Mark Labs,Convertible Note,0,Seed
2016,7 Chord,Angel,0,Seed
2016,MICROBLINK,Angel,0,Seed
2016,VeriSmart,Pre Seed,0,Seed
2016,PLD Space,Series A,8542863,Early Stage
2016,Tallysticks,Seed,0,Seed
2016,3spin,Secondary Market,0,Late Stage
2016,Union Realtime LLC,Seed,215000,Seed
2016,Essence Intelligence,Funding Round,0,Uncategorized
2016,CallVU,Series Unknown,3000000,Uncategorized
2015,Obuu,Seed,0,Seed
2015,S4,Seed,1200000,Seed
2015,Float,Non Equity Assistance,0,Seed
2015,Voiceitt,Seed,1800000,Seed
2015,BankSight Systems,Seed,4700000,Seed
2015,AimBrain,Seed,522206,Seed
2015,savedroid,Angel,136662,Seed
2015,CLOUT,Convertible Note,0,Seed
2015,Trim,Seed,0,Seed
2015,CloudCherry,Non Equity Assistance,0,Seed
2015,Lemonade,Seed,13000000,Seed
2015,Socure Inc.,Series Unknown,0,Uncategorized
2015,IceKredit,Series Unknown,3200000,Uncategorized
2015,ThetaRay,Corporate Round,17000000,Late Stage
2015,MinerEye,Angel,1000000,Seed
2015,Getsafe,Series A,12000000,Early Stage
2015,Growth Street,Series Unknown,7623395,Uncategorized
2015,Rippleshot,Seed,2400000,Seed
2015,OakNorth,Series A,100177903,Early Stage
2015,EDGARReader.Com LLC.,Non Equity Assistance,25000,Seed
2015,Premonition,Seed,2000000,Seed
2015,Change Labs,Seed,800000,Seed
2015,Beagle,Non Equity Assistance,0,Seed
2015,Cybertonica Ltd.,Seed,300000,Seed
2015,Aira Tech Corp,Seed,790000,Seed
2015,Simility,Seed,2250000,Seed
2015,Moneytree,Non Equity Assistance,0,Seed
2015,Moneytree,Series A,0,Early Stage
2015,FitBliss Inc.,Series Unknown,0,Uncategorized
2015,AND Global Pte.Ltd,Angel,1000000,Seed
2015,DataVisor,Series A,14500000,Early Stage
2015,idaciti Inc.,Seed,0,Seed
2015,ZestFinance,Debt Financing,150000000,Uncategorized
2015,GeoSpock Ltd.,Series A,5400000,Early Stage
2015,Premonition,Seed,3000000,Seed
2015,Behavox,Angel,1000000,Seed
2015,Cytora,Seed,0,Seed
2015,Ravelin,Series Unknown,1970667,Uncategorized
2015,Kreditech Holding,Series C,92152500,Late Stage
2015,Selerity,Debt Financing,2300000,Uncategorized
2015,Ancoa Software,Series A,6368216,Early Stage
2015,Saagie,Seed,962200,Seed
2015,Saffe,Convertible Note,89111,Seed
2015,Stigma,Series Unknown,0,Uncategorized
2015,Float,Convertible Note,1000000,Seed
2015,Crosswise,Series A,3000000,Early Stage
2015,Yongqianbao,Series A,0,Early Stage
2015,Simility,Seed,3450000,Seed
2015,Receptiviti,Series Unknown,690000,Uncategorized
2015,Cignifi,Debt Financing,461000,Uncategorized
2015,Invacio Research Analytica,Seed,0,Seed
2015,Knowtions Research,Convertible Note,780000,Seed
2015,DAYLI Financial Group,Series A,56636000,Early Stage
2015,VATBox,Series Unknown,24000000,Uncategorized
2015,CrediGence,Non Equity Assistance,0,Seed
2015,Quantemplate,Series A,8127473,Early Stage
2015,Socure Inc.,Debt Financing,2500000,Uncategorized
2015,Exagens,Seed,0,Seed
2015,Ascent Technologies Inc.,Convertible Note,245000,Seed
2015,PeopleFund,Seed,1339350,Seed
2015,Rippleshot,Seed,0,Seed
2015,Rippleshot,Non Equity Assistance,0,Seed
2015,wefox Group,Angel,0,Seed
2015,Cybertonica Ltd.,Seed,16333,Seed
2015,YAXA,Angel,0,Seed
2015,Beagle,Non Equity Assistance,0,Seed
2015,Quovo,Series A,4699999,Early Stage
2015,CRISK Co,Angel,325000,Seed
2015,Alpharank,Convertible Note,0,Seed
2015,Trustev,Seed,0,Seed
2015,Cofame,Seed,0,Seed
2015,CloudCherry,Seed,1000000,Seed
2015,Deserve,Series A,7300000,Early Stage
2015,ForwardLane,Non Equity Assistance,0,Seed
2015,Digital Contact,Series Unknown,3800000,Uncategorized
2015,IceKredit,Angel,4000000,Seed
2015,DeepEyes,Seed,0,Seed
2015,Thalman Health,Seed,650000,Seed
2015,Canopy,Series A,3000000,Early Stage
2015,InvestGlass,Seed,0,Seed
2015,WealthArc,Seed,300000,Seed
2015,Precisely,Seed,0,Seed
2015,Beagle,Series Unknown,0,Uncategorized
2015,Sky-Futures,Series A,3814325,Early Stage
2015,UNFRAUD,Seed,100000,Seed
2015,Text IQ,Debt Financing,0,Uncategorized
2015,Funding Options,Series Unknown,3136498,Uncategorized
2015,ArgonCredit,Debt Financing,75000000,Uncategorized
2015,Feedzai,Series B,17500000,Early Stage
2015,Trusted Insight,Series A,5000000,Early Stage
2015,Invacio Research Analytica,Seed,3000000,Seed
2015,Whistler Technologies,Seed,350000,Seed
2015,untapt,Series Unknown,3320000,Uncategorized
2015,AimBrain,Seed,22348,Seed
2015,MoneyLion,Series Unknown,0,Uncategorized
2015,BISON,Series Unknown,0,Uncategorized
2015,Chaser,Seed,738160,Seed
2015,Intelligo Group,Seed,1100000,Seed
2015,Getsafe,Seed,700000,Seed
2015,AIRMESH,Seed,0,Seed
2015,AIRMESH SURF,Seed,599999,Seed
2015,Ayasdi,Series C,55000000,Late Stage
2015,Bankorus,Seed,2200000,Seed
2015,HelloSoda,Non Equity Assistance,0,Seed
2015,LiquidLandscape,Seed,117999,Seed
2015,Ravelin,Seed,0,Seed
2015,GrowthIntel,Series A,3400000,Early Stage
2015,Flyreel,Angel,0,Seed
2015,Beagle,Seed,300000,Seed
2015,Rotageek,Seed,860219,Seed
2015,AppZen,Series Unknown,0,Uncategorized
2015,ArgonCredit,Series A,3000000,Early Stage
2015,Onfido,Series A,4500000,Early Stage
2015,Digital Shadows,Series A,8000000,Early Stage
2015,DAYLI Financial Group,Seed,545000,Seed
2015,Irisbond,Series A,338910,Early Stage
2015,AdviceGames,Funding Round,570000,Uncategorized
2015,Rippleshot,Seed,800000,Seed
2015,DatavoreÂ®,Non Equity Assistance,0,Seed
2015,idaciti Inc.,Seed,20000,Seed
2015,Aire,Seed,1100000,Seed
2015,Kreditech Holding,Debt Financing,200000000,Uncategorized
2015,S4,Seed,0,Seed
2015,Safesite,Seed,225000,Seed
2015,Made It,Angel,400000,Seed
2015,MinerEye,Non Equity Assistance,0,Seed
2015,Whistler Technologies,Convertible Note,30000,Seed
2015,Tookitaki,Seed,1000000,Seed
2015,OakNorth,Seed,35850943,Seed
2015,First Access,Series Unknown,1500000,Uncategorized
2015,Riskified,Debt Financing,0,Uncategorized
2015,Fractal Labs,Seed,1246989,Seed
2015,Awaait Artificial Intelligence S.L.,Grant,60705,Seed
2014,twingz,Angel,406723,Seed
2014,Ancoa Software,Private Equity,0,Private Equity
2014,Deserve,Seed,999999,Seed
2014,AimBrain,Series Unknown,0,Uncategorized
2014,Creamfinance,Series Unknown,6200000,Uncategorized
2014,Narrative Science,Series D,10000000,Late Stage
2014,VendorMach,Seed,0,Seed
2014,GeoSpock Ltd.,Convertible Note,5460000,Seed
2014,kontoor,Seed,500000,Seed
2014,Aureus Analytics,Angel,850000,Seed
2014,Kreditech Holding,Secondary Market,0,Late Stage
2014,AlgoDynamix Ltd.,Non Equity Assistance,0,Seed
2014,Trustev,Convertible Note,4016657,Seed
2014,AppZen,Non Equity Assistance,0,Seed
2014,AppZen,Seed,100000,Seed
2014,Voiceitt,Grant,0,Seed
2014,Socure Inc.,Series A,2500000,Early Stage
2014,Digital Clipboard,Seed,250000,Seed
2014,Rotageek,Angel,161950,Seed
2014,BISON,Seed,0,Seed
2014,Cignifi,Series A,4853120,Early Stage
2014,Quantemplate,Seed,0,Seed
2014,Lumiata,Series A,6000000,Early Stage
2014,Habidatum,Seed,0,Seed
2014,UNFRAUD,Grant,32832,Seed
2014,ArgonCredit,Seed,1800000,Seed
2014,Onfido,Angel,500000,Seed
2014,Kasisto,Seed,2250000,Seed
2014,IZICAP,Seed,0,Seed
2014,LassoX,Seed,107741,Seed
2014,Yongqianbao,Series A,0,Early Stage
2014,HealthyRoad,Angel,267360,Seed
2014,HealthyRoad,Grant,45007,Seed
2014,Behavox,Seed,400000,Seed
2014,ThetaRay,Series A,10000000,Early Stage
2014,i2i Logic,Seed,41250,Seed
2014,HealthyRoad,Grant,41064,Seed
2014,Socure Inc.,Series A,0,Early Stage
2014,Kreditech Holding,Series B,40000000,Early Stage
2014,Aire,Seed,300000,Seed
2014,Featurespace,Funding Round,5032941,Uncategorized
2014,DealStart,Seed,500000,Seed
2014,untapt,Convertible Note,1040000,Seed
2014,AdviceRobo,Seed,0,Seed
2014,Sift Science,Series B,18000000,Early Stage
2014,Satago,Seed,1000000,Seed
2014,Rotageek,Convertible Note,87809,Seed
2014,CogniCor,Seed,0,Seed
2014,Aira Tech Corp,Non Equity Assistance,0,Seed
2014,Pellucid Analytics,Debt Financing,30000,Uncategorized
2014,Feedzai,Series Unknown,4158600,Uncategorized
2014,Switchboard Sally,Seed,175000,Seed
2014,Singular Intelligence,Series Unknown,0,Uncategorized
2014,ArgonCredit,Seed,249999,Seed
2014,InfoTrie,Seed,396982,Seed
2014,Cosmo Tech,Series A,5200000,Early Stage
2014,DwellAware,Seed,1581000,Seed
2014,InvestGlass,Seed,100000,Seed
2014,DueDil,Series B,17000000,Early Stage
2014,Unified Computer Intelligence Corporation,Angel,989405,Seed
2014,import2,Seed,0,Seed
2014,PCA Audit,Grant,93627,Seed
2014,S4,Seed,25000,Seed
2014,GeoSpock Ltd.,Seed,0,Seed
2014,Meniga,Grant,176342,Seed
2014,Oriense,Seed,120000,Seed
2014,Riskified,Series A,4000000,Early Stage
2014,Kreditech Holding,Debt Financing,10000000,Uncategorized
2014,Tookitaki,Series Unknown,0,Uncategorized
2014,FixNix Inc.,Debt Financing,162510,Uncategorized
2014,Social Market Analytics,Series Unknown,300000,Uncategorized
2014,Funding Options,Series Unknown,820848,Uncategorized
2014,Element Inc,Seed,5250000,Seed
2014,Novofina,Seed,815220,Seed
2014,Crosswise,Seed,2000000,Seed
2014,Lumiata,Series A,4000000,Early Stage
2014,Veronica,Seed,20000,Seed
2014,Liber Finance Group,Angel,0,Seed
2013,Wireless Registry,Debt Financing,1119000,Uncategorized
2013,AdviceGames,Seed,1100000,Seed
2013,Pellucid Analytics,Debt Financing,451155,Uncategorized
2013,untapt,Seed,400000,Seed
2013,Trustev,Seed,500000,Seed
2013,DwellAware,Seed,600000,Seed
2013,Quovo,Series A,1475732,Early Stage
2013,Deserve,Seed,1000000,Seed
2013,Voiceitt,Seed,0,Seed
2013,Moneytree,Seed,1600000,Seed
2013,Flook,Seed,0,Seed
2013,Analyze Re,Series A,1342400,Early Stage
2013,untapt,Seed,700000,Seed
2013,Trustev,Seed,3000000,Seed
2013,Inovance Financial Technologies,Seed,49999,Seed
2013,Digital Shadows,Seed,0,Seed
2013,Unified Computer Intelligence Corporation,Convertible Note,97078,Seed
2013,Kreditech Holding,Debt Financing,5000000,Uncategorized
2013,AIRMESH,Pre Seed,0,Seed
2013,Narrative Science,Series C,11500000,Late Stage
2013,MoneyLion,Seed,0,Seed
2013,DigitalMR,Convertible Note,447999,Seed
2013,Oriense,Grant,30000,Seed
2013,DigitalMR,Seed,1020000,Seed
2013,Kimerick Technologies,Seed,55420,Seed
2013,Trusted Insight,Convertible Note,2700000,Seed
2013,Cignifi,Debt Financing,150000,Uncategorized
2013,Kimerick Technologies,Seed,75000,Seed
2013,ThetaRay,Seed,3500000,Seed
2013,ZestFinance,Series C,20000000,Late Stage
2013,Tookitaki,Seed,199999,Seed
2013,Intensity Analytics Corporation,Seed,3500000,Seed
2013,Ayasdi,Series B,30600000,Early Stage
2013,Canopy,Seed,775000,Seed
2013,Meniga,Series A,6500000,Early Stage
2013,Riskified,Seed,1650000,Seed
2013,ThetaRay,Funding Round,0,Uncategorized
2013,Quantemplate,Seed,20000,Seed
2013,Quantemplate,Series Unknown,2125000,Uncategorized
2013,Irisbond,Seed,65900,Seed
2013,Comparo.dk,Seed,0,Seed
2013,S4,Funding Round,1000000,Uncategorized
2013,Financial Network Analytics,Seed,532000,Seed
2013,CogniCor,Series Unknown,777784,Uncategorized
2013,Kreditech Holding,Series A,3500000,Early Stage
2013,CLOUT,Angel,0,Seed
2013,DueDil,Series A,5000000,Early Stage
2013,Narrative Science,Series C,550000,Late Stage
2013,Ayasdi,Series Unknown,182000,Uncategorized
2013,Sift Science,Series A,4000000,Early Stage
2013,Tethr,Seed,6200000,Seed
2013,Meniga,Grant,60804,Seed
2013,Trusted Insight,Seed,0,Seed
2013,Drawbridge,Series B,14000000,Early Stage
2013,piALGO Technologies,Seed,35000,Seed
2013,Feedzai,Series A,2400000,Early Stage
2013,Trustev,Angel,300000,Seed
2013,Selerity,Series B,2999999,Early Stage
2013,Social Market Analytics,Seed,110000,Seed
2013,Ayasdi,Series A,10000000,Early Stage
2013,Inovance Financial Technologies,Seed,15000,Seed
2013,ThetaRay,Seed,0,Seed
2013,VATBox,Series A,6000000,Early Stage
2012,BISON,Seed,1235000,Seed
2012,Visible Market Inc.,Seed,800000,Seed
2012,Kreditech Holding,Series A,4000000,Early Stage
2012,Digital Shadows,Seed,0,Seed
2012,Owlin,Seed,250000,Seed
2012,ZestFinance,Series B,5000000,Early Stage
2012,twingz,Seed,64930,Seed
2012,Cignifi,Series A,2240000,Early Stage
2012,Oriense,Seed,20000,Seed
2012,Akselos,Grant,0,Seed
2012,Tookitaki,Seed,25000,Seed
2012,CogniCor,Grant,96577,Seed
2012,Visible Market Inc.,Seed,0,Seed
2012,DueDil,Angel,0,Seed
2012,Unified Computer Intelligence Corporation,Product Crowdfunding,229500,Uncategorized
2012,Onfido,Seed,300000,Seed
2012,Element Inc,Angel,750000,Seed
2012,Satago,Seed,46690,Seed
2012,Narrative Science,Debt Financing,3000000,Uncategorized
2012,PCA Audit,Seed,1463567,Seed
2012,DeepVu,Seed,500000,Seed
2012,Featurespace,Funding Round,2331031,Uncategorized
2012,Munetrix,Series Unknown,500000,Uncategorized
2012,Kreditech Holding,Seed,1000000,Seed
2012,Drawbridge,Series A,6500000,Early Stage
2012,Ayasdi,Series Unknown,499982,Uncategorized
2012,Funding Options,Angel,872045,Seed
2012,Ayasdi,Private Equity,10067000,Private Equity
2012,Visible Market Inc.,Convertible Note,100000,Seed
2012,Kreditech Holding,Angel,0,Seed
2012,Meniga,Grant,114844,Seed
2012,CallVU,Seed,0,Seed
2012,BISON,Seed,0,Seed
2012,BISON,Convertible Note,100000,Seed
2012,ZestFinance,Series B,23000000,Early Stage
2012,CashDirector SA,Seed,2500000,Seed
2011,DeepVu,Seed,180000,Seed
2011,DueDil,Angel,0,Seed
2011,Sift Science,Seed,1599999,Seed
2011,CogniCor,Series Unknown,151349,Uncategorized
2011,ZestFinance,Series A,19000000,Early Stage
2011,DueDil,Seed,0,Seed
2011,Feedzai,Seed,2073643,Seed
2011,Meniga,Grant,49789,Seed
2011,Narrative Science,Series B,6000000,Early Stage
2010,Ayasdi,Seed,0,Seed
2010,DeepVu,Angel,250000,Seed
2010,Trusted Insight,Seed,0,Seed
2010,Narrative Science,Series Unknown,1350000,Uncategorized
2010,Meniga,Grant,40384,Seed
2009,Advanced Virtual,Seed,365275,Seed
2008,Selerity,Series A,5020000,Early Stage
