3-Dec-18,2,Zelros ,EUR,4000000,Series A,42CAP and 2 other investors
,,Axyon AI ,EUR,1300000,Series Unknown,ING Ventures and UniCredit Group
28-Nov-18,1,Oriente ,USD,105000000,Series A,Berjaya and 3 other investors
23-Nov-18,1,MDOTM AI-Driven Investment Strategies ,EUR,2000000,Series A,
19-Nov-18,1,QuantumSense ,NA,undisclosed,Seed,
15-Nov-18,1,OnSiteIQ ,USD,2000000,Seed,Anthemis Group and MetaProp NYC
14-Nov-18,1,Syndio Solutions ,USD,5200000,Seed,Contour Venture Partners and 2 other investors
13-Nov-18,2,Knowtions Research ,USD,5000000,Series A,Alibaba Entrepreneurs Fund and Information Venture Partners
,,Fluidly ,GBP,5000000,Series A,Anthemis Group and 4 other investors
7-Nov-18,1,Fraugster ,USD,14000000,Series B,CommerzVentures GmbH and 5 other investors
6-Nov-18,1,Meniga ,EUR,3000000,Series Unknown,Islandsbanki
3-Nov-18,1,LogosBlock ,USD,750000,Seed,
1-Nov-18,3,AND Global Pte.Ltd ,USD,5300000,Seed,Rhinos Asset Management
,,Symend ,USD,175000,Grant,Finance Montréal
,,Heliocor ,USD,1700000,Pre Seed,
30-Oct-18,3,omni:us ,EUR,19700000,Series A,Anthemis Group and 3 other investors
,,AppZen ,USD,35000000,Series B,Lightspeed Venture Partners and 2 other investors
,,PeopleFund ,USD,11000000,Series B,500 Startups and 3 other investors
26-Oct-18,1,HyperProof ,USD,1750000,Series Unknown,
23-Oct-18,2,Blue Ocean Robotics ,EUR,14900000,Series Unknown,Niels Thorborg and Nordic Eye Venture Capital
,,Skyline Partners ,NA,undisclosed,Series Unknown,OneAdvent
22-Oct-18,2,Crisp Thinking ,USD,25000000,Series Unknown,Baird Capital
,,Finn AI ,CAD,14000000,Series A,1843 Capital and 3 other investors
15-Oct-18,2,SHADE.ai ,NA,undisclosed,Seed,
,,Stakana Analytics ,NA,undisclosed,Seed,
4-Oct-18,1,Lokalist ,EUR,40000,Pre Seed,Overkill Ventures
3-Oct-18,1,MK Decision ,USD,938000,Pre Seed,
1-Oct-18,3,Tokendata ,NA,undisclosed,Initial Coin Offering,
,,Delos ,USD,205000,Seed,
,,10XTS ,NA,undisclosed,Series A,
30-Sep-18,1,Solisite ,USD,160000,Seed,
28-Sep-18,1,Akselos ,USD,10000000,Series Unknown,innogy Ventures and Shell Technology Ventures
26-Sep-18,1,Canopy ,USD,4800000,Series A,Dymon Asia Ventures
21-Sep-18,1,Cleo ,USD,10000000,Series A,Balderton Capital and LocalGlobe
20-Sep-18,1,Funding Options ,GBP,5000000,Series Unknown,ING Ventures
19-Sep-18,1,Site 1001 Inc. ,USD,6275000,Series Unknown,
14-Sep-18,2,Responsive ,CAD,1100000,Seed,Plug and Play
,,AdviceRobo ,NA,undisclosed,Series Unknown,KPMG
12-Sep-18,2,Scylla ,NA,undisclosed,Seed,Startupbootcamp
,,InfoBionic ,USD,50000000,Series Unknown,Blue Cross and Blue Shield of Kansas and 4 other investors
11-Sep-18,2,Cosmo Tech ,USD,21000000,Series B,Aster and 7 other investors
,,Ravelin ,GBP,8000000,Series B,Amadeus Capital Partners and 3 other investors
10-Sep-18,3,Harvest Platform ,NA,undisclosed,Series Unknown,Barclays Accelerator Powered by Techstars) and Techstars
,,Fintros ,NA,undisclosed,Funding Round,Barclays PLC and Techstars
,,FairFrame ,USD,120000,Pre Seed,Barclays PLC and Techstars
6-Sep-18,2,OakNorth ,USD,100000000,Series B,Clermont Group and 4 other investors
,,CloudCherry ,USD,9000000,Series A,Chiratae Ventures and 4 other investors
3-Sep-18,1,Portal Finance ,USD,200000000,Series Unknown,BTG Pactual
2-Sep-18,1,Sarwa.co ,USD,1300000,Seed,500 Startups and 5 other investors
1-Sep-18,4,Receptiviti ,CAD,2300000,Series A,
,,Symmetrical.ai ,EUR,250000,Funding Round,Data Ventures and Piotr Smolen
,,RE Solutions ,NA,undisclosed,Convertible Note,
,,Eirium Technologies ,NA,undisclosed,Pre Seed,Bull Hill Capital
30-Aug-18,2,Loro co. ,NA,undisclosed,Seed,
,,Pagaya  ,USD,14000000,Series B,Clal Insurance Enterprises Holdings and 5 other investors
29-Aug-18,1,Colendi ,USD,2500000,Series Unknown,Aslanoba Capital and 2 other investors
27-Aug-18,1,Deserve ,USD,17000000,Series C,Accel and 6 other investors
24-Aug-18,1,Exabel ,USD,4710000,Seed,Andenæsgruppen (Andenaes Group) and 7 other investors
22-Aug-18,1,Galaxy.AI ,USD,2899999,Series Unknown,
21-Aug-18,1,Rippleshot ,USD,1500000,Convertible Note,
20-Aug-18,3,DueDil ,GBP,8000000,Series C,Augmentum Fintech and 4 other investors
,,Drawbridge ,USD,15000000,Series Unknown,Kleiner Perkins and 2 other investors
,,Rotageek ,GBP,4000000,Series Unknown,Mobeus Equity Partners
6-Aug-18,1,FeedStock ,NA,undisclosed,Series Unknown,
4-Aug-18,1,Portal Finance ,USD,1600000,Seed,Magma Partners
2-Aug-18,1,Quantexa ,USD,20000000,Series B,Dawn Capital
1-Aug-18,2,OTTOO ,USD,50000,Seed,StartersHub XO
,,Cove ,NZD,2000000,Seed,Ice Angels
24-Jul-18,1,Halos Insurance ,USD,120000,Angel,Techstars
23-Jul-18,1,Voiceitt ,USD,20000,Seed,Alexa Fund
18-Jul-18,1,Tradeteq ,USD,6300000,Seed,ADV
17-Jul-18,1,DPOrganizer ,EUR,3000000,Series A,Creades AB and 4 other investors
16-Jul-18,3,Cignifi ,USD,4250000,Series Unknown,LeapFrog and Omidyar Network
,,Kellify ,USD,1730000,Seed,Alberto Adorini and Riccardo Bianco
,,FitBliss Inc. ,USD,120000,Convertible Note,Techstars
11-Jul-18,2,Cybertonica Ltd. ,EUR,100000,Grant,Middlegame Ventures
,,Bambu ,USD,3000000,Series A,Franklin Templeton and 4 other investors
10-Jul-18,2,Sift Science ,NA,undisclosed,Secondary Market,
,,Lumiata ,USD,11000000,Series B,BlueCross BlueShield Venture Partners and 5 other investors
9-Jul-18,2,CallVU ,NA,undisclosed,Series A,Global Fintech Solutions
,,Finicity ,USD,29000000,Series Unknown,
4-Jul-18,1,IZICAP ,EUR,6000000,Series Unknown, Entrepreneur Venture and Seventure Partners
3-Jul-18,1,Exo Investing ,EUR,16500000,Seed, Ariane De Rothschild and EtsFactory
2-Jul-18,2,ThetaRay ,USD,30000000,Series B, Bank Hapoalim and 4 other investors
,,Sigma Ratings Inc. ,USD,2400000,Seed, Barclays PLC and 2 other investors
1-Jul-18,2,AnChain.ai ,NA,undisclosed,Seed, Amino Capital and 2 other investors
,,7 Chord ,USD,517000,Seed,
29-Jun-18,3,Zliide ,DKK,6293000,Seed, Nordic Eye Venture Capital and 2 other investors
,,Panda Technology ,USD,1511000,Angel, Peeli Ventures
,,Formotiv ,USD,405000,Seed,
25-Jun-18,1,Neotic ,NA,undisclosed,Seed, Middle East Venture Partners MEVP
21-Jun-18,1,Boatsetter ,USD,3300000,Series A, Global Founders Capital and 2 other investors
19-Jun-18,2,Emailage ,USD,10000000,Series B, Anthos Capital and 4 other investors
,,Plum ,GBP,594362,Equity Crowdfunding,
18-Jun-18,1,AND Global Pte.Ltd ,USD,1251000,Debt Financing, Mirea Asset Securities Mongolia UtsK LLC
10-Jun-18,1,UniBit Inc. ,NA,undisclosed,Seed,
8-Jun-18,1,GTop Group Inc. ,USD,500000,Seed,
6-Jun-18,1,DocAuthority ,USD,10000000,Series A, 2B Angels and 5 other investors
5-Jun-18,2,Meniga ,USD,3600000,Series Unknown, UniCredit EVO
,,iPampas ,NA,undisclosed,Seed, Shanghai Yousu Investment Management
3-Jun-18,1,PayScanner ,GBP,250000,Seed,
1-Jun-18,14,Teleporter ,USD,40000,Seed, 3S Landing Pad
,,Wisboo ,USD,40000,Seed, 3S Landing Pad
,,Codela ,USD,40000,Seed, 3S Landing Pad
,,Kuan Intelligence ,USD,40000,Seed, 3S Landing Pad and Startupbootcamp
,,Smart Mimic ,USD,40000,Seed, 3S Landing Pad
,,Publicfast ,USD,40000,Seed, 3S Landing Pad
,,Cabture ,USD,40000,Seed, 3S Landing Pad and Startupbootcamp
,,VeriSmart ,USD,40000,Seed, 3S Landing Pad
,,OnSiteIQ ,NA,undisclosed,Pre Seed, Currency M The Moinian Group
,,sensfix ,USD,40000,Seed, 3S Landing Pad and Startupbootcamp
,,KOMPAS ,USD,40000,Seed, 3S Landing Pad
,,Digital Claim ,USD,500000,Seed, Quake Capital Partners
,,Volareo ,NA,undisclosed,Seed,
,,Optiyol ,USD,40000,Seed, 3S Landing Pad and Startupbootcamp
30-May-18,3,Change Labs ,USD,1400000,Series Unknown,
,,Agate ,USD,700000,Initial Coin Offering,
,,Property Passbook ,USD,625000,Seed, Artesian VC and SOSV
29-May-18,3,Flock Ltd. ,GBP,2250000,Seed, Anthemis Group and 3 other investors
,,Uppsala Foundation ,USD,8000000,Initial Coin Offering,
,,Heliocor ,USD,1000000,Pre Seed,
28-May-18,1,The Odyssey Project Inc. ,NA,undisclosed,Seed, Penny Jurss
27-May-18,1,RemitRix ,USD,260000,Seed,
26-May-18,2,Figure ,USD,50000000,Series A, Conversion Capital and Ribbit Capital
,,Techwisely Ltd ,GBP,50000,Seed,
25-May-18,1,Vidrona ,GBP,60000,Grant, Department for International Development DFID
22-May-18,1,Lending Express ,USD,2700000,Seed, Benson Oak Ventures and 2 other investors
21-May-18,1,CashDirector SA ,NA,undisclosed,Seed, Techstars
15-May-18,1,ODN ,NA,undisclosed,Seed, URBAN-X
14-May-18,2,Xinshu Credit ,NA,undisclosed,Seed,
,,TruValue Labs ,USD,13600000,Series A, Hearst’s Financial Venture Fund and 5 other investors
11-May-18,2,Flook ,NA,undisclosed,Series A, Clever Invest
,,Exabel ,USD,1750000,Grant,
10-May-18,1,Evovest ,CAD,425000,Seed,
9-May-18,2,IPwe ,USD,2050000,Series Unknown,
,,Safehub ,NA,undisclosed,Convertible Note, Bolt and Team Builder Ventures
5-May-18,1,Mark Labs ,NA,undisclosed,Convertible Note, FHI Ventures
4-May-18,1,FairFrame ,USD,75000,Grant, The Berkley Center for Entrepreneur ship and Innovation
3-May-18,3,Quovo ,USD,4800000,Series B, Great West Lifeco and 3 other investors
,,InsureVite ,USD,10000,Angel, Batjargal Dashdorj
,,Buck.ai ,USD,40000,Seed, 3S Landing Pad and Startupbootcamp
1-May-18,5,Stackin' ,USD,2000000,Series Unknown, Clocktower Technology Ventures and 3 other investors
,,KapitalWise ,NA,undisclosed,Seed,
,,VeriSmart ,USD,200000,Seed, StartersHub and Startupbootcamp Smart City Dubai
,,Taste ,NA,undisclosed,Seed,
,,UniBit Inc. ,NA,undisclosed,Seed, Lair East Labs
30-Apr-18,6,Tethr ,NA,undisclosed,Series Unknown, Alumni Ventures Group and 6 other investors
,,Invacio Research Analytica ,USD,400000,Initial Coin Offering,
,,Voiceitt ,NA,undisclosed,Seed, Cahn Capital
,,Figure ,USD,50000000,Series Unknown, CreditEase Fintech Investment Fund and 6 other investors
,,Dave Inc. ,USD,10000000,Debt Financing,
,,Relativity6 ,NA,undisclosed,Seed, MassChallenge and Plug and Play
25-Apr-18,1,Deserve ,USD,50000000,Debt Financing, Keystone National Group
23-Apr-18,3,Meniga ,EUR,3000000,Series Unknown, Swedbank
,,LassoX ,USD,2000000,Series Unknown, JP/Politikens Hus
,,Advanced Virtual ,USD,2500000,Series A,
20-Apr-18,1,Poleecy ,EUR,300000,Seed,
18-Apr-18,1,savedroid ,USD,50000000,Initial Coin Offering,
15-Apr-18,1,CarBlip ,USD,2000000,Seed, Nordic Eye Venture Capital and Science Inc.
12-Apr-18,1,Bellabeat ,NA,undisclosed,Series Unknown, Nordic Eye Venture Capital
11-Apr-18,2,Element Inc ,USD,12000000,Series A, BoxGroup and 7 other investors
,,Kristal.AI (O2O Technologies Pte Ltd) ,USD,1850000,Seed, Amit Gupta and 2 other investors
5-Apr-18,1,Arkera ,GBP,4000000,Funding Round, Alan Howard and Henry Ritchotte
3-Apr-18,1,Voiceitt ,USD,500000,Convertible Note, M12
2-Apr-18,2,GlobalWonks ,USD,350000,Seed,
,,BlockClaim ,GBP,450000,Seed, Amadeus Capital Partners and Paul Teather
1-Apr-18,1,Saffe ,NA,undisclosed,Seed, b-ventures
29-Mar-18,1,Ayomi ,EUR,1000000,Seed,
28-Mar-18,1,Efortles Inc ,USD,30000,Seed,
26-Mar-18,1,Creditas Solutions ,NA,undisclosed,Seed, 1Crowd and 4 other investors
21-Mar-18,2,Sift Science ,USD,53000000,Series D, Insight Venture Partners and 3 other investors
,,zeroone.ai ,CAD,30000,Seed, NEXT Canada
18-Mar-18,1,iChain Inc. ,USD,460000,Seed, Consensus Base Inc. and 3 other investors
15-Mar-18,1,ForwardLane ,USD,4750000,Seed, SixThirty
14-Mar-18,1,CoAlpha ,NA,undisclosed,Angel, Fenbushi Capital
12-Mar-18,1,BovaMetrics ,USD,100000,Seed,
9-Mar-18,1,SESAMm ,EUR,2600000,Series A,
8-Mar-18,2,Sift Science ,NA,undisclosed,Secondary Market,
,,BlockchainCybertech Limited ,USD,200000,Series A, Shariff Abdulwalli
7-Mar-18,1,Rossum ,USD,750000,Seed, MITON and StartupYard
5-Mar-18,3,Capte ,NA,undisclosed,Non Equity Assistance, weXelerate GmbH
,,Volareo ,NA,undisclosed,Seed, Zeroth
,,Hummingbird Technologies ,GBP,3500000,Series A, Downing Ventures and 5 other investors
4-Mar-18,1,Tradeteq ,NA,undisclosed,Seed, GTR Ventures
1-Mar-18,5,Arkera ,GBP,4000000,Series A,
,,Ascent Technologies Inc. ,USD,6000000,Series A, Alsop Louie Partners and 3 other investors
,,Sunbit ,NA,undisclosed,Series B, Alumni Ventures Group and 8 other investors
,,Workspez ,NA,undisclosed,Seed,
,,Lunar Digital Assets ,NA,undisclosed,Seed,
28-Feb-18,1,Artificial Labs ,GBP,1000000,Convertible Note,
27-Feb-18,1,Pagaya  ,USD,75000000,Debt Financing, Citigroup
25-Feb-18,1,UniBit Inc. ,USD,300000,Seed,
22-Feb-18,1,GeoSpock Ltd. ,USD,6600000,Series A, 31Ventures and 4 other investors
19-Feb-18,1,QARA Soft ,USD,1000000,Seed,
12-Feb-18,1,Wearable X ,NA,undisclosed,Funding Round, R/GA Ventures
9-Feb-18,1,DataVisor ,USD,40000000,Series C, GSR Ventures and 2 other investors
8-Feb-18,1,Apical Technology ,NA,undisclosed,Seed, NextWave Ventures
5-Feb-18,1,Bruno ,EUR,1000000,Seed, 360 Capital Partners and 2 other investors
3-Feb-18,1,Ocrolus ,NA,undisclosed,Seed, Differential Ventures
1-Feb-18,1,WeTuring ,USD,2000000,Seed, Leyu
31-Jan-18,1,ForCity ,EUR,8000000,Series A, Axeleo and 3 other investors
29-Jan-18,3,Bkper ,NA,undisclosed,Seed, Plug and Play
,,Saagie ,EUR,5000000,Series A, BNP Paribas Développement and 3 other investors
,,NetObjex ,USD,107000,Equity Crowdfunding, Reg CF
28-Jan-18,1,Swoup ,NA,undisclosed,Seed, Adam Levin
26-Jan-18,1,TypingDNA ,USD,100000,Seed, Right Side Capital Management and 2 other investors
25-Jan-18,1,Allure Security Technology Inc. ,USD,5300000,Seed, Glasswing Ventures and 3 other investors
22-Jan-18,1,OptaCredit ,USD,4000000,Debt Financing, DMI Finance
20-Jan-18,1,humn.ai ,NA,undisclosed,Pre Seed,
18-Jan-18,1,NetPay ,GBP,1000000,Debt Financing, OakNorth
17-Jan-18,1,RootAnt ,USD,85000,Angel, Individual Investors
16-Jan-18,1,savedroid ,EUR,1500000,Series Unknown, Alfred Schorno and 2 other investors
14-Jan-18,1,Parabole.ai ,USD,1650000,Convertible Note,
11-Jan-18,2,Awen Collective Ltd ,NA,undisclosed,Seed,
,,moneytor ,USD,300000,Seed, 500 Startups and ISME ACE - FinTech Accelerator
8-Jan-18,2,BISON ,NA,undisclosed,Series Unknown, FINTOP Capital and 2 other investors
,,Irisbond ,EUR,1230000,Series B, Eduardo Jauregui Torrecilla and 2 other investors
4-Jan-18,2,CLARA analytics ,USD,11500000,Series A, Oak HC/FT
,,MoneyLion ,USD,42000000,Series B, DHVC (Digital Horizon Capital) and 4 other investors
1-Jan-18,6,Liquid Mortgage Inc. ,NA,undisclosed,Seed,
,,SoT - Security of Things ,NA,undisclosed,Seed,
,,CoAlpha ,NA,undisclosed,Seed, Sean Zou
,,Matcha Fund ,USD,500000,Seed,
,,Digital Claim ,USD,150000,Seed, Quake Capital Partners
,,Invacio Research Analytica ,USD,4050000,Initial Coin Offering,
30-Dec-17,2,ThinkerZero ,USD,125000,Seed, LaunchByte and Tan Kabra
,,10XTS ,USD,400000,Seed, LOUD Capital
27-Dec-17,1,DocAuthority ,NA,undisclosed,Convertible Note, Differential Ventures
22-Dec-17,2,AND Global Pte.Ltd ,USD,3000000,Debt Financing, Oyungerel Janchiv
,,Coinify ApS ,USD,4800000,Series A, Nordic Eye Venture Capital and 2 other investors
20-Dec-17,1,Safesite ,NA,undisclosed,Seed, Blackhorn Ventures
19-Dec-17,1,Lemonade ,USD,120000000,Series C, Aleph and 5 other investors
17-Dec-17,1,ZASTI ,NA,undisclosed,Seed, Startupbootcamp InsurTech London
14-Dec-17,1,Canopy ,USD,3400000,Series Unknown," Credit Suisse and LionRock Capital, Hong Kong"
13-Dec-17,2,Syndio Solutions ,USD,650000,Seed, Frontier Venture Capital
,,Kasisto ,USD,17000000,Series B, Commerce Ventures and 5 other investors
12-Dec-17,3,Simility ,USD,17500000,Series B, Accel and 3 other investors
,,Quantemplate ,GBP,2500000,Series A, Allianz and 4 other investors
,,Agate ,USD,300000,Product Crowdfunding,
6-Dec-17,2,Cytora ,USD,5900000,Series A, Ilkka Paananen and 5 other investors
,,cover2protect ,USD,100000,Seed,
5-Dec-17,1,DataSine ,NA,undisclosed,Non Equity Assistance, Envestnet Yodlee Incubator
4-Dec-17,1,Tattoodo ,DKK,31000000,Series Unknown, Bjarke Ingels and 5 other investors
1-Dec-17,2,Iris.ai ,USD,2000000,Seed, Bakken & Baeck and 2 other investors
,,Link Big ,GBP,125000,Seed, Ignite Accelerator
28-Nov-17,1,DPOrganizer ,EUR,3000000,Series A, Creades AB and 3 other investors
23-Nov-17,1,Yapily ,NA,undisclosed,Seed,
20-Nov-17,3,First Access ,USD,7000000,Series A, 500 Fintech and 4 other investors
,,DreamQuark ,USD,3500000,Series Unknown, CapHorn Invest and Plug and Play
,,NS8 Inc ,USD,7500000,Seed, Arbor Ventures and 2 other investors
18-Nov-17,1,Zego ,GBP,6000000,Series A, Balderton Capital and LocalGlobe
16-Nov-17,1,Tipigo ,USD,1000000,Seed,
15-Nov-17,1,Sigma Ratings Inc. ,USD,700000,Seed, Barclays Accelerator (Powered by Techstars) and 3 other investors
14-Nov-17,1,Behavox ,USD,20000000,Series B, Citigroup and 2 other investors
13-Nov-17,1,Active.ai ,USD,8250000,Series A, Chiratae Ventures and 5 other investors
10-Nov-17,2,wefox Group ,USD,5000000,Debt Financing, Davidson Technology Growth Debt Fund
,,Accern ,USD,3000000,Seed, Affinity Investment Group and 6 other investors
8-Nov-17,1,SharpCloud Software ,NA,undisclosed,Funding Round,
7-Nov-17,2,DAYLI Financial Group ,NA,undisclosed,Series B, SBI Group
,,RISKGenius,USD,2950000,Series A, QBE Ventures
3-Nov-17,1,OakNorth ,GBP,90000000,Series B, GIC
1-Nov-17,8,AppZen ,USD,13000000,Series A, Redpoint and Resolute Ventures
,,HelloSoda ,GBP,1500000,Debt Financing, Clydesdale Bank and Yorkshire Bank
,,TruValue Labs ,NA,undisclosed,Convertible Note, Katalyst.Ventures
,,Symend ,NA,undisclosed,Seed, Impression Ventures
,,HelloSoda ,GBP,4000000,Private Equity, NVM Private Equity
,,Pagaya  ,USD,2000000,Funding Round,
,,Houzen ,GBP,500000,Angel,
,,GlobalWonks ,USD,150000,Pre Seed,
27-Oct-17,2,Novo ,USD,1000000,Convertible Note, Friends and Family Round and 3 other investors
,,7 Chord ,USD,100000,Convertible Note, Barclays Accelerator (Powered by Techstars) and 2 other investors
26-Oct-17,1,Qanta.ai ,USD,100000,Convertible Note, Barclays Accelerator (Powered by Techstars) and 2 other investors
24-Oct-17,4,Insurdata ,USD,1000000,Seed, Anthemis Group and 2 other investors
,,Bud ,GBP,1500000,Seed, Banco Sabadell and INVC Fund
,,Tethr ,USD,15000000,Series A, Grotech Ventures and MissionOG
,,Deserve ,USD,12000000,Series C, 205 Capital and 11 other investors
23-Oct-17,1,Finn AI ,USD,3000000,Seed, Flying Fish Partners and 3 other investors
21-Oct-17,1,DataSine ,EUR,1000000,Seed, C. Entrepreneurs and 2 other investors
20-Oct-17,3,7 Chord ,USD,20000,Seed,
,,AirHelp ,NA,undisclosed,Series Unknown, Nordic Eye Venture Capital
,,Dave Inc. ,USD,13300000,Series Unknown, CreditEase Fintech Investment Fund and Financial Solutions Lab
19-Oct-17,2,Intelligo Group ,USD,5700000,Series A, Eileen Murray and Governing Dynamics Venture Capital
,,Sum&Substance ,NA,undisclosed,Seed, Flint Capital and United Capital Partners
17-Oct-17,3,Feedzai ,NA,undisclosed,Series C, Omega Venture Partners
,,Feedzai ,USD,50000000,Series C, Sapphire Ventures
,,Valid8 ,NA,undisclosed,Seed, FirstMile Ventures
12-Oct-17,3,OakNorth ,GBP,161000000,Series B, Clermont Group and 2 other investors
,,Anryze ,USD,1700000,Initial Coin Offering,
,,RemitRix ,USD,267286,Seed,
10-Oct-17,2,ThirdWatch (Stopping Fraud and RTO using AI),NA,undisclosed,Seed, Keshav Sanghi and Rahul Agarwalla
,,RootAnt ,USD,229976,Angel,
6-Oct-17,1,TalkBank ,USD,1000000,Seed, Internet Initiatives Development Fund (IIDF) and Mark Malinovsky
4-Oct-17,4,Wireless Registry ,USD,6200000,Series A,
,,Featurespace ,GBP,16500000,Series Unknown, Cambridge Angels group and 6 other investors
,,Tensorflight ,NA,undisclosed,Seed, Boost VC and Hemi Ventures
,,encompass ,GBP,600000,Series Unknown, Scottish Development International and Scottish Investment Bank
1-Oct-17,4,QuantCube Technology ,EUR,60000,Seed, ESA Business Applications
,,WeGaw ,EUR,230000,Grant, ESA Business Applications and Service de la promotion de l'économie et de l'innovation (SPEI)
,,IceKredit ,USD,25000000,Series B, Youzu Interactive
,,VeriSmart ,USD,75000,Seed, Startupbootcamp Smart City Dubai
28-Sep-17,3,Fluidly ,GBP,2000000,Seed, Octopus Ventures
,,GenoNova ,NA,undisclosed,Series A,
,,DEVCON DETECT ,NA,undisclosed,Seed, David Mes
27-Sep-17,1,Onfido ,USD,30000000,Series C, Christian Faes and 11 other investors
26-Sep-17,2,Artivatic.ai ,INR,10000000,Angel, Deepak Verma and Saurabh Chugh
,,CogniCor ,NA,undisclosed,Convertible Note, SixThirty
20-Sep-17,1,Digital Shadows ,USD,26000000,Series C, Octopus Ventures and World Innovation Lab (WiL)
19-Sep-17,1,Clearcover ,USD,11500000,Series A, Lightbank
18-Sep-17,1,DEVCON DETECT ,NA,undisclosed,Convertible Note, Innova Memphis
17-Sep-17,2,Elafris ,NA,undisclosed,Series Unknown,
,,HEXANIKA ,USD,100000,Series Unknown, Fintech71
16-Sep-17,1,Sarwa.co ,NA,undisclosed,Seed, Shorooq 
13-Sep-17,1,YayPay ,USD,5300000,Series Unknown, 408 Ventures and 9 other investors
12-Sep-17,1,Link Big ,GBP,74000,Seed,
11-Sep-17,1,WeGroup ,EUR,150000,Seed,
10-Sep-17,1,Artificial Labs ,GBP,1000000,Seed,
8-Sep-17,1,Ark Paradigm ,AUD,75000,Grant, Hot DesQ
6-Sep-17,3,Plum ,GBP,923255,Equity Crowdfunding,
,,Tookitaki ,USD,20000,Seed, Queen City Fintech
,,CreditVidya ,USD,5000000,Series B, Kalaari Capital and Matrix Partners
1-Sep-17,7,Thalman Health ,NA,undisclosed,Grant, ESA Business Applications
,,Techwisely Ltd ,GBP,50000,Seed,
,,Responsive ,USD,250000,Seed, Edwin Blewett and Stonewood Investors
,,Dtex Systems ,USD,9086573,Series C, Norwest Venture Partners
,,Keybe INC ,NA,undisclosed,Pre Seed,
,,Sigma Ratings Inc. ,NA,undisclosed,Grant, MIT delta v
,,Waymark Tech ,EUR,30000,Seed, StartupYard
31-Aug-17,3,Parabole.ai ,USD,700000,Convertible Note,
,,ABC Fintech ,USD,30000000,Series A, Qiming Venture Partners and 2 other investors
,,Sky-Futures ,USD,4000000,Series B, Mitsui & Co
30-Aug-17,1,OnSiteIQ ,NA,undisclosed,Pre Seed, MetaProp NYC
21-Aug-17,2,AND Global Pte.Ltd ,USD,4000000,Seed, Dulguun Batbold and 4 other investors
,,Hyper Anna ,AUD,16000000,Series A, AirTree Ventures and 3 other investors
20-Aug-17,1,ABAKA Holdings ,GBP,1250000,Seed, Anthemis Exponential Ventures
15-Aug-17,1,The Beans ,USD,100000,Seed, The Refiners and XFactor Ventures
12-Aug-17,1,KapeIQ ,USD,5500000,Angel, David Chen and 2 other investors
9-Aug-17,1,Socure Inc. ,USD,13900000,Series B, Commerce Ventures and 4 other investors
3-Aug-17,1,HEXANIKA ,USD,100000,Seed,
1-Aug-17,7,MinerEye ,USD,3600000,Seed, Awz HLS Investment Fund I LP
,,Stratyfy ,USD,900000,Seed, Amadeo Brenninkmeijer
,,FitBliss Inc. ,USD,80000,Angel,
,,Vic.ai ,USD,1500000,Seed, Axan Ventures and 3 other investors
,,UnifyID ,USD,20000000,Series A, Accomplice and 3 other investors
,,compaio ,NA,undisclosed,Series Unknown, Axel Springer Plug and Play Accelerator
,,Essence Intelligence ,NA,undisclosed,Funding Round,
31-Jul-17,2,Cove ,NA,undisclosed,Seed,
,,iChain Inc. ,USD,500000,Seed, Consensus Base Inc. and 2 other investors
27-Jul-17,2,NetObjex ,USD,250000,Corporate Round,
,,Brolly ,GBP,1000000,Seed, Alan Morgan and 12 other investors
26-Jul-17,1,Cleo ,GBP,2000000,Seed, EntreprenuerFirst and 4 other investors
25-Jul-17,1,CallVU ,USD,5000000,Series Unknown, 2B Angels and 3 other investors
22-Jul-17,1,Aire ,USD,5000000,Series A, Chris Adelsbach and 2 other investors
21-Jul-17,1,Monsoon CreditTech ,NA,undisclosed,Angel, Aditya Singh and 3 other investors
20-Jul-17,4,Accrue ,NA,undisclosed,Non Equity Assistance, Cyberport Hong Kong and 2 other investors
,,Drawbridge ,USD,5240000,Funding Round, Mitsui & Co
,,FinTech Studios ,USD,1000000,Seed, KEC Ventures
,,Drawbridge ,NA,undisclosed,Series C, Ericsson Ventures
19-Jul-17,1,Zego ,EUR,1400000,Seed, LocalGlobe
18-Jul-17,1,Artivatic.ai ,NA,undisclosed,Angel, Spark10 Accelerator
13-Jul-17,1,Bokio ,EUR,3100000,Seed, Chalmers Ventures and 5 other investors
11-Jul-17,1,Site 1001 Inc. ,USD,6000000,Series A, Flyover Capital and 4 other investors
10-Jul-17,1,Kudi ,NA,undisclosed,Seed, Eric Nadalin
6-Jul-17,1,Aureus Analytics ,NA,undisclosed,Seed, Plug and Play
5-Jul-17,1,PointPredictive ,NA,undisclosed,Series A, Mosaik Partners
1-Jul-17,5,DEVCON DETECT ,USD,1290000,Seed, Chad Fowler and 13 other investors
,,GenoNova ,NA,undisclosed,Seed,
,,Voiceitt ,EUR,1396832,Grant, EASME - EU Executive Agency for SMEs
,,Walnut Algorithms ,EUR,420000,Grant,
,,Mensajea ,NA,undisclosed,Seed, Startupbootcamp FinTech Mexico City
30-Jun-17,2,Accrumental Inc. ,NA,undisclosed,Convertible Note,
,,VendorMach ,USD,800000,Seed,
27-Jun-17,3,Riskified,USD,33000000,Series C, C4 Ventures and 6 other investors
,,Bankorus ,NA,undisclosed,Non Equity Assistance, Microsoft Accelerator Beijing
,,Organic Basics ,NA,undisclosed,Seed, Nordic Eye Venture Capital
26-Jun-17,1,RecommenderX ,NA,undisclosed,Non Equity Assistance, Mastercard Start Path
24-Jun-17,1,OnSiteIQ ,NA,undisclosed,Pre Seed,
21-Jun-17,1,CyStellar ,NA,undisclosed,Grant, ESA Business Applications
20-Jun-17,2,Cignifi ,NA,undisclosed,Series Unknown, LeapFrog  and Omidyar Network
,,Cosmo Tech ,EUR,3000000,Series B, Aster and 3 other investors
19-Jun-17,1,AimBrain ,GBP,4000000,Series A, Business Growth Fund and 5 other investors
16-Jun-17,1,Walnut Algorithms ,NA,undisclosed,Seed, David Mes
15-Jun-17,1,Walnut Algorithms ,EUR,650000,Series Unknown,
12-Jun-17,1,Compliance.ai ,USD,4000000,Series Unknown, Cota Capital
10-Jun-17,1,EquBot ,USD,335000,Seed, Greg Flatt and 2 other investors
7-Jun-17,2,Basiq ,NA,undisclosed,Seed, NAB Ventures and Reinventure Group
,,PeopleFund ,USD,5700000,Series A, 500 Startups and 3 other investors
5-Jun-17,1,Akselos ,NA,undisclosed,Series Unknown, Alumni Ventures Group and Castor Ventures
1-Jun-17,12,Scanye ,NA,undisclosed,Seed, Nestholma
,,BUNCH ,USD,200000,Seed,
,,AltHub LLC ,NA,undisclosed,Seed,
,,Elafris ,NA,undisclosed,Seed, Bogdan Iarovoi and SmartHub
,,CompareAsiaGroup ,USD,50000000,Series B, ACE & Company and 8 other investors
,,UNFRAUD ,EUR,50000,Grant, EASME - EU Executive Agency for SMEs
,,Workspez ,NA,undisclosed,Seed,
,,Voiceitt ,USD,2000000,Seed, Amit Technion and 6 other investors
,,LeO ,NA,undisclosed,Seed, ICONYC labs
,,Preseries ,EUR,1000000,Seed, Telefónica Open Future_
,,Axyon AI ,EUR,200000,Convertible Note, ING Ventures
,,Liber Finance Group ,EUR,2000000,Seed, LUXNOVA
30-May-17,1,twingz ,EUR,100000,Seed,
27-May-17,1,Stackin' ,USD,1000000,Seed, Bryan Rosenblatt and 5 other investors
22-May-17,1,Pairity ,NA,undisclosed,Seed, Clocktower Technology Ventures and Mucker Capital
16-May-17,1,Aira Tech Corp ,USD,12000000,Series B, Arboretum Ventures and 4 other investors
15-May-17,1,Accern ,USD,1250000,Seed, 26 Venture and 5 other investors
10-May-17,1,Kreditech Holding ,EUR,110000000,Corporate Round, PayU
2-May-17,1,Moneytree ,JPY,1000000000,Series B, Baillie Gifford and 7 other investors
1-May-17,8,OTTOO ,USD,20000,Seed, StartersHub XO
,,Smile Identity ,NA,undisclosed,Seed, 500 Startups and 4 other investors
,,CashDirector SA ,USD,1500000,Seed, Luma Ventures
,,AND Global Pte.Ltd ,USD,417000,Debt Financing, Oyungerel Janchiv
,,Kudi ,NA,undisclosed,Seed, Ventures Platform
,,KapitalWise ,NA,undisclosed,Seed, Barclays Accelerator (Powered by Techstars) and Techstars
,,Awaait Artificial Intelligence S.L. ,EUR,1100000,Grant, EASME - EU Executive Agency for SMEs
,,Pulse iD ,NA,undisclosed,Series A, Investec and 2 other investors
26-Apr-17,2,Quovo ,USD,10000000,Series B, F-Prime Capital Partners and Napier Park Global Capital
,,AIMO ,EUR,15000,Seed, Startupbootcamp and Startupbootcamp InsurTech London
25-Apr-17,1,Dave Inc. ,USD,3000000,Seed, AID Partners Capital and 10 other investors
24-Apr-17,3,Black Swan Technology ,USD,3000000,Series A,
,,NS8 Inc ,USD,250000,Seed,
,,Lemonade ,NA,undisclosed,Series Unknown, Allianz and Allianz X
20-Apr-17,1,IceKredit ,USD,18000000,Series A, China Creation Ventures and Lingfeng Capital
19-Apr-17,1,Portal Finance ,NA,undisclosed,Seed, Magma Partners
15-Apr-17,1,Vic.ai ,NA,undisclosed,Convertible Note, Jason Stockwood and John Shaw
14-Apr-17,1,Narrative Science ,USD,11000000,Series D, Jump Capital and 2 other investors
13-Apr-17,1,Yedup Limited ,GBP,500000,Seed, Growing Capital
11-Apr-17,2,Pulse iD ,USD,3800000,Series A, Digital Ventures and 3 other investors
,,Pulse iD ,NA,undisclosed,Seed,
7-Apr-17,2,Meniga ,EUR,7500000,Series Unknown, Frumtak Ventures and 3 other investors
,,Emerada ,USD,2500000,Seed, D4V - Design for Ventures and Monex Ventures
5-Apr-17,1,Century Analytics ,NA,undisclosed,Seed, Alfred Ruth and Theoophilus Emmanuel
4-Apr-17,1,Artivatic.ai ,NA,undisclosed,Angel, Rahul Sood
3-Apr-17,2,Iris.ai ,NA,undisclosed,Seed, Founders Factory
,,savedroid ,NA,undisclosed,Series Unknown, Debjit Chaudhuri and 2 other investors
1-Apr-17,2,Workspez ,NA,undisclosed,Seed,
,,Harvesting Inc ,NA,undisclosed,Series Unknown, Catalyst Fund and Omidyar Network
31-Mar-17,1,Yongqianbao ,CNY,466000000,Series C, CASH Capital and 5 other investors
27-Mar-17,2,Saffe ,USD,20000,Pre Seed, Queen City Fintech
,,Creamfinance ,EUR,21000000,Series B, Capitec Bank
24-Mar-17,2,Mujo Mechanics ,GBP,1500000,Angel,
,,DPOrganizer ,NA,undisclosed,Series Unknown,
23-Mar-17,2,Delos ,NA,undisclosed,Non Equity Assistance, Founder Friendly Labs
,,Quantexa ,USD,3300000,Series A, Albion Capital Group and HSBC
21-Mar-17,2,Kudi ,USD,120000,Seed, Y Combinator
,,Neotic ,NA,undisclosed,Seed, Chady Zein and Speed@BDD
18-Mar-17,2,Satoshi Systems Limited ,GBP,1250000,Seed,
,,Lokalist ,USD,70000,Seed,
16-Mar-17,1,Insurify ,USD,4600000,Series Unknown, MassMutual Ventures and Nationwide Ventures
14-Mar-17,2,FeedStock ,NA,undisclosed,Series Unknown, Illuminate Financial
,,Jellynote ,USD,800000,Seed, Nordic Eye Venture Capital and Partech
13-Mar-17,1,Waymark Tech ,NA,undisclosed,Non Equity Assistance, Momentum London
12-Mar-17,1,Bayonet ,NA,undisclosed,Seed, Mexamerica Ventures
6-Mar-17,1,HealthyRoad ,NA,undisclosed,Seed, Rockstart Accelerator
1-Mar-17,7,NetObjex ,USD,132000,Angel,
,,Agate ,USD,480000,Seed,
,,Neuroprofiler,NA,undisclosed,Non Equity Assistance, BOOST Programs
,,Taste ,USD,160000,Angel,
,,Parabole.ai ,USD,500000,Convertible Note,
,,Digital Fingerprints ,USD,2000000,Seed, mAccelerator
,,BizNexus ,USD,300000,Convertible Note,
24-Feb-17,1,OnSiteIQ ,NA,undisclosed,Pre Seed, Cornell Tech
22-Feb-17,1,Rossum ,USD,250000,Seed, MITON and StartupYard
21-Feb-17,1,VATBox ,USD,20000000,Series Unknown, Target Global and Viola Private Equity
15-Feb-17,1,Workspez ,NA,undisclosed,Seed, Alphacap Berhad
14-Feb-17,1,Tensorflight ,NA,undisclosed,Angel, Boost VC
9-Feb-17,1,Float ,USD,3000000,Seed, 500 Startups and 2 other investors
8-Feb-17,1,Rippleshot ,USD,2600000,Series Unknown, CMFG VENTURES and 2 other investors
7-Feb-17,1,TALK Accounting ,USD,500000,Convertible Note, Right Side Capital Management
1-Feb-17,5,Tookitaki ,USD,3000000,Series A,
,,Aureus Analytics ,NA,undisclosed,Series Unknown, Plug and Play Insurtech
,,RISC.ai ,NA,undisclosed,Series Unknown, Plug and Play Insurtech
,,Valid8 ,USD,100000,Convertible Note, Right Side Capital Management
,,Fenris ,NA,undisclosed,Convertible Note, Plug and Play Insurtech
31-Jan-17,2,Anryze ,USD,130000,Seed,
,,Bokio ,NA,undisclosed,Seed, Alfred Ruth and 2 other investors
30-Jan-17,1,Predictive Inc. ,USD,350000,Convertible Note,
27-Jan-17,1,Whistler Technologies ,USD,100000,Convertible Note, Right Side Capital Management
25-Jan-17,1,Cleo ,USD,700000,Angel, Alex Chesterman and 7 other investors
22-Jan-17,1,ForwardLane ,USD,1400000,Seed, Barclays Accelerator (Powered by Techstars) and 2 other investors
16-Jan-17,1,Fraugster ,USD,5000000,Series Unknown, Earlybird Venture Capital and 3 other investors
12-Jan-17,2,Kasisto ,USD,9200000,Series A, Commerce Ventures and 7 other investors
,,Cytora ,GBP,2400000,Angel, Alan Morgan and 5 other investors
9-Jan-17,1,YAXA ,NA,undisclosed,Convertible Note,
5-Jan-17,1,NS8 Inc ,USD,900000,Seed, Bloomberg Beta and 5 other investors
3-Jan-17,1,OakNorth ,GBP,27500000,Series B,
1-Jan-17,12,Barac ,NA,undisclosed,Seed, Barclays Accelerator (Powered by Techstars) and 2 other investors
,,VeriSmart ,USD,140000,Seed,
,,LeO ,NA,undisclosed,Seed, Barclays Accelerator (Powered by Techstars) and Techstars
,,OTTOO ,NA,undisclosed,Seed,
,,RE Solutions ,USD,1500000,Seed, Jack Berube
,,Valid8 ,NA,undisclosed,Seed, Techstars and Techstars Seattle Accelerator
,,GTop Group Inc. ,USD,1000,Seed,
,,SoT - Security of Things ,NA,undisclosed,Non Equity Assistance, Jason Burr
,,Pagaya  ,USD,2000000,Series Unknown, Viola Ventures
,,Algosave ,NA,undisclosed,Seed, Barclays Accelerator (Powered by Techstars) and Techstars
,,Avocado Systems ,USD,1000000,Angel,
,,TALK Accounting ,USD,400000,Seed, 9Mile Labs and 2 other investors
31-Dec-16,1,Mujo Mechanics ,GBP,200000,Grant,
30-Dec-16,1,GroupSense ,NA,undisclosed,Seed, IrishAngels and 2 other investors
29-Dec-16,1,Tattoodo ,USD,8500000,Series Unknown, Nordic Eye Venture Capital
28-Dec-16,1,Rotageek ,GBP,1200000,Series A, Venture Founders
27-Dec-16,1,IQCIO ,USD,750000,Seed,
21-Dec-16,1,Flock Ltd. ,GBP,100000,Seed, R/GA Ventures
19-Dec-16,1,Axyon AI ,EUR,50000,Convertible Note, ING Ventures
16-Dec-16,1,Zighra ,USD,1000000,Seed, MaRS Investment Accelerator Fund
15-Dec-16,2,Kreditech Holding ,USD,10400000,Corporate Round, Rakuten
,,HEXANIKA ,NA,undisclosed,Convertible Note, SixThirty
14-Dec-16,1,Flock Ltd. ,GBP,400000,Seed, Angel Syndicate and 2 other investors
13-Dec-16,1,Socure Inc. ,USD,13000000,Series A, ff Venture Capital and 3 other investors
11-Dec-16,1,AgentRISK - Superhuman Wealth Management ,USD,300000,Angel,
10-Dec-16,1,Black Swan Technology ,USD,250000,Seed,
8-Dec-16,3,ABAKA Holdings ,GBP,700000,Angel, Anthemis Exponential Ventures
,,Whistler Technologies ,USD,850000,Seed, Annex Ventures Management LLC and 2 other investors
,,Symend ,USD,1000000,Seed,
7-Dec-16,1,Finicity ,USD,42000000,Series B, Bridge Bank and Experian
6-Dec-16,2,CRISK Co ,AUD,100000,Grant, Hot DesQ
,,Syndio Solutions ,USD,1250000,Seed, Frontier Venture Capital and 2 other investors
5-Dec-16,2,MoneyLion ,USD,25499428,Series A, Broadhaven Capital Partners and 5 other investors
,,Lemonade ,USD,34000000,Series B, Aleph and 6 other investors
1-Dec-16,6,Blanc Labs ,CAD,2000000,Series Unknown, 7 Gate Ventures and 2 other investors
,,Voiceitt ,EUR,50000,Grant, EASME - EU Executive Agency for SMEs
,,Link Big ,GBP,50000,Angel, Graham Clempson and 4 other investors
,,Safesite ,NA,undisclosed,Seed, Brick & Mortar Ventures and Plug and Play Insurtech
,,Link Big ,USD,50000,Angel,
,,DeepVu ,NA,undisclosed,Non Equity Assistance, Berkeley SkyDeck
30-Nov-16,3,Oriente ,NA,undisclosed,Seed, BlackPine Private Equity Partners
,,IOMED ,EUR,50000,Grant, Ajuntament de Barcelona and 2 other investors
,,KiaKia ,USD,40000,Seed,
26-Nov-16,1,Finfox ,NA,undisclosed,Angel, Dorm Room Fund
17-Nov-16,2,omni:us ,EUR,4200000,Seed, Crane Venture Partners and 2 other investors
,,Saagie ,EUR,4200000,Series A, BNP Paribas and 5 other investors
15-Nov-16,3,untapt ,USD,2000000,Convertible Note, Bluff Point Associates and 6 other investors
,,China Rapid Finance ,CNY,500000000,Debt Financing, China United SME Guarantee Corporation
,,China Rapid Finance ,USD,75000000,Series C, Broadline Capital and 2 other investors
14-Nov-16,1,Active.ai ,USD,3000000,Series Unknown, Chiratae Ventures and Kalaari Capital
10-Nov-16,1,DAYLI Financial Group ,USD,39818000,Series A,
7-Nov-16,1,Flowcast ,USD,2300000,Seed, Enspire Capital and 5 other investors
3-Nov-16,1,Tuhu ,CNY,100000000,Series D, YAXA
2-Nov-16,1,Flock Ltd. ,NA,undisclosed,Non Equity Assistance, Pitch@Palace
1-Nov-16,5,LUXLOCK ,USD,61500,Seed, Carl Pate and 2 other investors
,,Mark Labs ,NA,undisclosed,Grant, MassChallenge
,,DEVCON DETECT ,USD,50000,Angel,
,,RemitRadar ,USD,300000,Non Equity Assistance,
,,Galaxy.AI ,NA,undisclosed,Grant, MassChallenge
31-Oct-16,1,TypingDNA ,NA,undisclosed,Seed, Gecad Ventures
27-Oct-16,1,Mile Auto ,USD,1000000,Seed, Emergent Ventures and Ulu Ventures
20-Oct-16,1,Feedzai ,NA,undisclosed,Series Unknown, Citi Ventures
18-Oct-16,1,Ravelin ,GBP,3000000,Series A, Amadeus Capital Partners and 4 other investors
16-Oct-16,1,Hyper Anna ,AUD,1250000,Series Unknown, AirTree Ventures and Reinventure Group
15-Oct-16,1,Opportunity International ,NA,undisclosed,Funding Round, MyBucks
11-Oct-16,1,BISON ,USD,3000000,Series A, Accomplice and 2 other investors
10-Oct-16,2,Change Labs ,NA,undisclosed,Series Unknown, Nielsen Innovate
,,Plum ,USD,500000,Seed, 500 Startups and 3 other investors
3-Oct-16,1,Aire ,USD,2000000,Series Unknown, Accion Venture Lab and 3 other investors
1-Oct-16,3,Naborly ,USD,2400000,Angel, Brad Flora and 6 other investors
,,Docyt ,NA,undisclosed,Series Unknown, Founder Friendly Labs
,,Plasmatic Technologies Inc. ,NA,undisclosed,Angel,
30-Sep-16,1,Zego ,GBP,150000,Angel, Andy Phillipps and Isfield 
28-Sep-16,1,Dooer ,USD,4600000,Series Unknown,
23-Sep-16,2,encompass ,GBP,3600000,Series Unknown, Adcock Private Equity and Scottish Investment Bank
,,CloudCherry ,USD,6000000,Series A, Cisco  and 3 other investors
22-Sep-16,1,Site 1001 Inc. ,USD,5000000,Series A, Flyover Capital and 2 other investors
20-Sep-16,2,wefox Group ,USD,28000000,Series A, AngelList and 8 other investors
,,Text IQ ,USD,3000000,Series A, Alchemist Accelerator and FLOODGATE
16-Sep-16,1,Voiceitt ,NA,undisclosed,Seed, Dreamit and Startupbootcamp Scale Digital Health Miami
15-Sep-16,2,WealthArc ,USD,1200000,Seed,
,,Exabel ,USD,3770000,Seed,
13-Sep-16,1,Akselos ,CHF,2200000,Series Unknown, Castor Ventures and Forticap
10-Sep-16,1,NS8 Inc ,USD,225000,Convertible Note, Blu Venture Investors
8-Sep-16,2,TalkBank ,NA,undisclosed,Seed, Internet Initiatives Development Fund (IIDF)
,,Cofame ,NA,undisclosed,Seed, Hack Ventures
7-Sep-16,1,Intensity Analytics Corporation ,USD,5000000,Series Unknown,
5-Sep-16,1,Hafta ,SGD,40000,Angel,
1-Sep-16,3,Galaxy.AI ,NA,undisclosed,Seed, Techstars and Techstars IoT
,,TransferFriend ,NA,undisclosed,Angel, Herkki Väliste
,,Accern ,USD,185000,Angel,
30-Aug-16,2,Ascent Technologies Inc. ,USD,1200000,Seed, Dave Hoover and 5 other investors
,,Yongqianbao ,CNY,156000000,Series B, Aplus Capital and 4 other investors
29-Aug-16,1,DPOrganizer ,EUR,32000,Convertible Note, Propel Capital
24-Aug-16,1,Deserve ,USD,7100000,Series B, Accel and 2 other investors
23-Aug-16,2,Meniga ,EUR,7300000,Series Unknown, Frumtak Ventures and Velocity Capital Private Equity
,,Lemonade ,USD,13000000,Series A, Aleph and Sequoia Capital Israel
22-Aug-16,2,Roger.ai ,NA,undisclosed,Seed, BootstrapLabs
,,Sway Finance ,USD,120000,Seed, Y Combinator
18-Aug-16,2,NS8 Inc ,NA,undisclosed,Seed, Mach37
,,Trusted Insight ,NA,undisclosed,Series A, David Mes
15-Aug-16,1,Onfido ,NA,undisclosed,Series Unknown, Charlie Songhurst and 2 other investors
11-Aug-16,1,Hafta ,SGD,40000,Angel, muru-D
8-Aug-16,1,First Access ,USD,750000,Debt Financing,
1-Aug-16,9,VeriSmart ,USD,250000,Pre Seed, Piyush gupta and saurabh gupta
,,DueDil ,EUR,2500000,Grant, EASME - EU Executive Agency for SMEs
,,Digital Clipboard ,USD,600000,Angel,
,,Cazana ,GBP,750000,Series Unknown, Passion Capital
,,Predictive Inc. ,USD,150000,Convertible Note, Justin Sokolowski and Raj Sultanian
,,Evalu ,EUR,50000,Grant, ESA Business Applications
,,Bambu ,USD,400000,Seed, BANSEA
,,Cytora ,NA,undisclosed,Series Unknown, Plug and Play Insurtech
,,RISKGenius,NA,undisclosed,Series Unknown, Flyover Capital and Plug and Play Insurtech
31-Jul-16,1,Kristal.AI (O2O Technologies Pte Ltd)  ,USD,1200000,Seed, Individual Investors and 2 other investors
20-Jul-16,1,Trim ,USD,2200000,Seed, Beta Bridge Capital and 5 other investors
19-Jul-16,1,Property Passbook ,NA,undisclosed,Convertible Note, SOSV
18-Jul-16,1,ZestFinance ,NA,undisclosed,Funding Round, Baidu
15-Jul-16,1,Iris.ai ,EUR,380000,Angel,
13-Jul-16,1,Behavox ,NA,undisclosed,Series A, Hoxton Ventures and Promus Ventures
1-Jul-16,2,DueDil ,USD,8000000,Series B, Concentric and Oak Investment Partners
,,Relativity6 ,NA,undisclosed,Angel, Aaron Howell and Alexander Kvamme
24-Jun-16,1,FIBMESH ,NA,undisclosed,Pre Seed, AIRMESH
22-Jun-16,1,AppZen ,USD,2900000,Seed, Amicus Capital and 5 other investors
20-Jun-16,2,savedroid ,EUR,1000000,Seed, Debjit Chaudhuri and 3 other investors
,,Trooly ,USD,10000000,Series A, Bain Capital Ventures and Milliways Ventures
16-Jun-16,1,KiaKia ,USD,10000,Angel,
15-Jun-16,1,LassoX ,DKK,900000,Seed, NPS Today
9-Jun-16,1,Finfox ,NA,undisclosed,Non Equity Assistance, FinTech Sandbox
8-Jun-16,3,Satago ,GBP,3000000,Debt Financing, ESF Capital and Seedrs
,,Satago ,GBP,1600000,Series Unknown, ESF Capital
,,CreditVidya ,USD,2000000,Series A, Kalaari Capital
6-Jun-16,1,FitBliss Inc. ,USD,180000,Angel, Jumpstart Foundry
3-Jun-16,1,SESAMm ,EUR,1000000,Seed,
1-Jun-16,4,Walnut Algorithms ,EUR,400000,Seed, Off the Grid Ventures and 2 other investors
,,Bayonet ,NA,undisclosed,Seed, JP Duque and MassChallenge
,,Simility ,USD,1500000,Seed, The Valley Fund
,,DataSine ,NA,undisclosed,Seed, Techstars and Techstars London Accelerator
31-May-16,1,Featurespace ,USD,9000000,Series Unknown, Cambridge Angels group and 4 other investors
30-May-16,1,DUNFORCE ,EUR,100000,Seed, Wayra
26-May-16,1,Lumiata ,USD,10000000,Series B, Blue Cross and Blue Shield Association and 3 other investors
25-May-16,1,untapt ,USD,458000,Convertible Note,
19-May-16,2,Bird.i ,GBP,240000,Grant, ESA Business Applications and 2 other investors
,,Bled Tech ,USD,265000,Seed,
16-May-16,1,Canopy ,USD,2350000,Series A,
15-May-16,1,DataVisor ,NA,undisclosed,Series B, Genesis Capital and GSR Ventures
12-May-16,2,Olivia AI ,USD,500000,Seed,
,,HEXANIKA ,USD,50000,Seed, VC FinTech Accelerator
8-May-16,1,Pagaya  ,USD,1250000,Seed, Viola Ventures
5-May-16,1,Drawbridge ,USD,28000000,Series C, Kleiner Perkins and 2 other investors
4-May-16,1,Active.ai ,USD,500000,Seed, Kalaari Capital
1-May-16,3,HealthyRoad ,EUR,160000,Grant, Portugal 2020
,,Open RISK  Exchange ,NA,undisclosed,Series Unknown, Passion Capital
,,Bankorus ,USD,3000000,Seed, Peeli Ventures
21-Apr-16,1,Wireless Registry ,USD,395000,Series Unknown,
18-Apr-16,1,VendorMach ,USD,20000,Seed, Startupbootcamp and Startupbootcamp Fintech New York
15-Apr-16,3,Sonalytic ,NA,undisclosed,Non Equity Assistance, Imperial Create Lab
,,CogniSent ,NA,undisclosed,Angel,
,,Social Market Analytics ,USD,760000,Series Unknown,
14-Apr-16,1,Onfido ,USD,25000000,Series B, Acequia Capital (Acecap) and 9 other investors
13-Apr-16,1,Emailage ,USD,5674970,Series A, Chung-Man Tam and 9 other investors
11-Apr-16,1,twingz ,EUR,15000,Seed, Startupbootcamp and Startupbootcamp Smart City & IoT Amsterdam
8-Apr-16,1,YayPay ,USD,100000,Convertible Note, Right Side Capital Management
4-Apr-16,1,HelloSoda ,NA,undisclosed,Seed, EIT Digital Accelerator
2-Apr-16,1,Zighra ,USD,1000000,Seed,
1-Apr-16,1,Whistler Technologies ,USD,25000,Convertible Note, Acceleprise and Right Side Capital Management
28-Mar-16,2,Oriense ,USD,50000,Grant,
,,FixNix Inc. ,USD,500000,Seed, Jay Vijayan and Kumar Rangarajan
23-Mar-16,1,Kreditech Holding ,EUR,10000000,Series C, International Finance Corporation
18-Mar-16,1,Creamfinance ,USD,1110000,Series Unknown, Flint Capital
15-Mar-16,1,QuiznGifts ,SEK,500000,Seed,
9-Mar-16,1,LUXLOCK ,NA,undisclosed,Non Equity Assistance,
8-Mar-16,2,Yongqianbao ,NA,undisclosed,Series B, 51 Credit Card Manager and 2 other investors
,,Selerity ,USD,4200000,Series C, Citigroup and 3 other investors
7-Mar-16,1,Mujo Mechanics ,NA,undisclosed,Non Equity Assistance, Pitch@Palace
2-Mar-16,2,Ampliphae Ltd ,GBP,1400000,Seed, Crescent Capital
,,Aira Tech Corp ,USD,2550000,Series A, ARCH Venture Partners and 4 other investors
1-Mar-16,2,HealthyRoad ,EUR,65000,Seed, Rockstart Accelerator
,,Meniga ,ISK,12500000,Grant, Technology Development Fund
22-Feb-16,1,Aureus Analytics ,NA,undisclosed,Non Equity Assistance, Microsoft Accelerator Bangalore
15-Feb-16,1,Vidrona ,EUR,50000,Grant, ESA
11-Feb-16,1,Sky-Futures ,USD,5700000,Series A, Bristow Group and MMC Ventures
10-Feb-16,1,Riskified,USD,25000000,Series B, Entrée Capital and 4 other investors
9-Feb-16,1,Digital Shadows ,USD,14000000,Series B, Passion Capital and 3 other investors
3-Feb-16,1,Flowcast ,NA,undisclosed,Convertible Note, Alchemist Accelerator and 2 other investors
2-Feb-16,1,VendorMach ,NA,undisclosed,Non Equity Assistance, FinTech Sandbox
1-Feb-16,3,siyea ,NA,undisclosed,Angel, Anthony Coughlan and Roger Bamford
,,Canard Drones ,EUR,50000,Grant, ESA Business Applications
,,YayPay ,NA,undisclosed,Seed, Techstars and Techstars Boston Accelerator
31-Jan-16,1,Novofina ,EUR,1000000,Seed,
30-Jan-16,2,Aire ,USD,3600000,Series Unknown, Accion and 3 other investors
,,ForwardLane ,USD,575000,Seed, Barclays Accelerator (Powered by Techstars) and 3 other investors
28-Jan-16,1,Insurify ,USD,2000000,Seed, Rationalwave Capital Partners
16-Jan-16,1,MK Decision ,USD,141000,Angel,
15-Jan-16,1,Financial Network Analytics ,EUR,25000,Seed, TechFounders
14-Jan-16,1,Wireless Registry ,USD,1700000,Seed, American Family Ventures and 3 other investors
13-Jan-16,1,Horus Technology ,USD,900000,Seed, 5Lion Holdings LLC.
12-Jan-16,1,wefox Group ,USD,5500000,Seed, AngelList and 5 other investors
11-Jan-16,1,Skymatics ,NA,undisclosed,Seed,
10-Jan-16,1,Peotic Technologies ,USD,400000,Angel,
5-Jan-16,1,Zighra ,NA,undisclosed,Seed, Barclays Accelerator (Powered by Techstars) and Techstars
4-Jan-16,1,Mark Labs ,NA,undisclosed,Convertible Note, Barclays Accelerator (Powered by Techstars) and Techstars
2-Jan-16,1,7 Chord ,NA,undisclosed,Angel,
1-Jan-16,8,MICROBLINK ,NA,undisclosed,Angel, Cherubic Ventures
,,VeriSmart ,NA,undisclosed,Pre Seed,
,,PLD Space ,EUR,7846848,Series A, ALZIS and 9 other investors
,,Tallysticks ,NA,undisclosed,Seed, Barclays Accelerator (Powered by Techstars) and Techstars
,,3spin ,NA,undisclosed,Secondary Market, Thomas Hoger
,,Union Realtime LLC ,USD,215000,Seed,
,,Essence Intelligence ,NA,undisclosed,Funding Round,
,,CallVU ,USD,3000000,Series Unknown, 2B Angels and 2 other investors
31-Dec-15,1,Obuu ,NA,undisclosed,Seed, CDTI (Centro para el Desarrollo Tecnológico Industrial) and 3 other investors
30-Dec-15,1,S4 ,USD,1200000,Seed, BioGenerator and 4 other investors
27-Dec-15,1,Float ,NA,undisclosed,Non Equity Assistance, Mastercard Start Path
25-Dec-15,1,Voiceitt ,USD,1800000,Seed, 43North and 3 other investors
19-Dec-15,1,BankSight Systems ,USD,4700000,Seed, Bloomberg Beta and Bottomline Technologies
17-Dec-15,1,AimBrain ,GBP,350000,Seed, Episode 1 and Peter Reynolds
16-Dec-15,1,savedroid ,EUR,125000,Angel, Dr. Yassin Hankir and 2 other investors
15-Dec-15,1,CLOUT ,NA,undisclosed,Convertible Note,
13-Dec-15,1,Trim ,NA,undisclosed,Seed, Hard Yaka
9-Dec-15,1,CloudCherry ,NA,undisclosed,Non Equity Assistance, Microsoft Accelerator Bangalore
8-Dec-15,1,Lemonade ,USD,13000000,Seed, Aleph and 2 other investors
2-Dec-15,1,Socure Inc. ,NA,undisclosed,Series Unknown, Caerus Ventures and 6 other investors
1-Dec-15,3,IceKredit ,USD,3200000,Series Unknown,
,,ThetaRay ,USD,17000000,Corporate Round, Bank Hapoalim and 2 other investors
,,MinerEye ,USD,1000000,Angel, Marius Nacht
23-Nov-15,1,Getsafe ,USD,12000000,Series A, Acton Capital Partners and 10 other investors
20-Nov-15,1,Growth Street ,GBP,5000000,Series Unknown, Arts Alliance and David Giampaolo
18-Nov-15,1,Rippleshot ,USD,2400000,Seed, Method Capital and 2 other investors
11-Nov-15,1,OakNorth ,GBP,66000000,Series A, Indiabulls Housing Finance Limited
10-Nov-15,1,EDGARReader.Com LLC.,USD,25000,Non Equity Assistance,
4-Nov-15,1,Premonition ,USD,2000000,Seed,
1-Nov-15,1,Change Labs ,USD,800000,Seed, Nielsen Innovate
31-Oct-15,1,Beagle ,NA,undisclosed,Non Equity Assistance, Creative Destruction Lab
30-Oct-15,1,Cybertonica Ltd. ,USD,300000,Seed, Digital Space Ventures
29-Oct-15,1,Aira Tech Corp ,USD,790000,Seed, ARCH Venture Partners and Lux Capital
23-Oct-15,1,Simility ,USD,2250000,Seed, Trinity Ventures
22-Oct-15,2,Moneytree ,NA,undisclosed,Non Equity Assistance, Mastercard Start Path
,,Moneytree ,NA,undisclosed,Series A, Mitsubishi UFJ Capital and 3 other investors
21-Oct-15,1,FitBliss Inc. ,NA,undisclosed,Series Unknown, StartUp Health
17-Oct-15,1,AND Global Pte.Ltd ,USD,1000000,Angel, Dulguun Batbold and 2 other investors
13-Oct-15,1,DataVisor ,USD,14500000,Series A, GSR Ventures and New Enterprise Associates
9-Oct-15,1,idaciti Inc. ,NA,undisclosed,Seed, MergeLane
6-Oct-15,1,ZestFinance ,USD,150000000,Debt Financing, Fortress Investment Group
5-Oct-15,1,GeoSpock Ltd. ,USD,5400000,Series A, Cambridge Innovation Capital and 3 other investors
3-Oct-15,1,Premonition ,USD,3000000,Seed,
1-Oct-15,2,Behavox ,USD,1000000,Angel,
,,Cytora ,NA,undisclosed,Seed, Alan Morgan and 3 other investors
29-Sep-15,1,Ravelin ,GBP,1300000,Series Unknown, Amadeus Capital Partners
28-Sep-15,1,Kreditech Holding ,EUR,82500000,Series C, Amadeus Capital Partners and 5 other investors
25-Sep-15,1,Selerity ,USD,2300000,Debt Financing,
21-Sep-15,1,Ancoa Software ,GBP,4099999,Series A, Buysse & Partners and 2 other investors
15-Sep-15,1,Saagie ,EUR,850000,Seed, The Family
9-Sep-15,1,Saffe ,EUR,80000,Convertible Note, Telefonica Germany and 2 other investors
1-Sep-15,2,Stigma ,NA,undisclosed,Series Unknown, Tumml
,,Float ,USD,1000000,Convertible Note, Camp One Ventures and 2 other investors
30-Aug-15,1,Crosswise ,USD,3000000,Series A, Emerge and 6 other investors
28-Aug-15,1,Yongqianbao ,NA,undisclosed,Series A, Morningside Venture Capital and Source Code Capital
25-Aug-15,1,Simility ,USD,3450000,Seed, Accel and Kortschak  L.P.
20-Aug-15,1,Receptiviti ,USD,690000,Series Unknown, Social Starts
18-Aug-15,1,Cignifi ,USD,461000,Debt Financing,
17-Aug-15,1,Invacio Research Analytica ,NA,undisclosed,Seed,
15-Aug-15,1,Knowtions Research ,USD,780000,Convertible Note, Jameson Hsu and 4 other investors
10-Aug-15,3,DAYLI Financial Group ,USD,56636000,Series A,
,,VATBox ,USD,24000000,Series Unknown, Viola Growth
,,CrediGence ,NA,undisclosed,Non Equity Assistance,
5-Aug-15,1,Quantemplate ,GBP,5200000,Series A, Allianz X and 3 other investors
4-Aug-15,2,Socure Inc. ,USD,2500000,Debt Financing, Caerus Ventures and 5 other investors
,,Exagens ,NA,undisclosed,Seed,
1-Aug-15,1,Ascent Technologies Inc. ,USD,245000,Convertible Note,
31-Jul-15,1,PeopleFund ,USD,1339350,Seed, 500 Startups and 2 other investors
24-Jul-15,2,Rippleshot ,NA,undisclosed,Seed, Innotech Capitals
,,Rippleshot ,NA,undisclosed,Non Equity Assistance, Mastercard Start Path
20-Jul-15,1,wefox Group ,NA,undisclosed,Angel, Amir Suissa and 3 other investors
19-Jul-15,1,Cybertonica Ltd. ,EUR,15000,Seed, Startupbootcamp and Startupbootcamp FinTech London
17-Jul-15,1,Nanalyze ,NA,undisclosed,Seed,
15-Jul-15,1,YAXA ,NA,undisclosed,Angel,
10-Jul-15,1,Beagle ,NA,undisclosed,Non Equity Assistance, Concrete Venture Capital and Microsoft Accelerator Seattle
8-Jul-15,1,Quovo ,USD,4699999,Series A, FinTech Collective and 4 other investors
7-Jul-15,1,CRISK Co,USD,325000,Angel, Plug and Play
2-Jul-15,1,Alpharank ,NA,undisclosed,Convertible Note, 500 Startups and 5 other investors
1-Jul-15,3,Trustev ,NA,undisclosed,Seed, Wayra
,,Cofame ,NA,undisclosed,Seed, Senshu Ikeda Capital and 2 other investors
,,CloudCherry ,USD,1000000,Seed, Chiratae Ventures and The Chennai Angels
27-Jun-15,1,Deserve ,USD,7300000,Series A, Accel and 2 other investors
23-Jun-15,1,ForwardLane ,NA,undisclosed,Non Equity Assistance, FinTech Sandbox
19-Jun-15,1,Digital Contact ,USD,3800000,Series Unknown,
17-Jun-15,1,IceKredit ,USD,4000000,Angel, FREES FUND and 2 other investors
8-Jun-15,1,DeepEyes ,NA,undisclosed,Seed,
7-Jun-15,1,Thalman Health ,USD,650000,Seed, Ammunition Group and 4 other investors
5-Jun-15,1,Canopy ,USD,3000000,Series A, Tanmai Sharma
2-Jun-15,1,Questel ,EUR,18000000,Private Equity, Capzanine and RAISE
1-Jun-15,4,InvestGlass ,NA,undisclosed,Seed, FONGIT
,,WealthArc ,USD,300000,Seed, Novit Ventures and VentureKick
,,Precisely ,NA,undisclosed,Seed, The Springfield Project
,,Beagle ,NA,undisclosed,Series Unknown, Microsoft Accelerator
29-May-15,1,Sky-Futures ,GBP,2500000,Series A, MMC Ventures
26-May-15,1,UNFRAUD ,USD,100000,Seed, TIM Ventures
21-May-15,2,Text IQ ,NA,undisclosed,Debt Financing,
,,Funding Options ,GBP,2000000,Series Unknown, GLI Finance
19-May-15,1,ArgonCredit ,USD,75000000,Debt Financing, Princeton Alternative Funding
18-May-15,1,Feedzai ,USD,17500000,Series B, Armilar Venture Partners and 3 other investors
14-May-15,1,Trusted Insight ,USD,5000000,Series A, BootstrapLabs and 2 other investors
11-May-15,1,Invacio Research Analytica ,USD,3000000,Seed,
1-May-15,1,Whistler Technologies ,USD,350000,Seed, Annex Ventures
21-Apr-15,1,untapt ,USD,3320000,Series Unknown, Pivot Investment Partners and 2 other investors
16-Apr-15,1,AimBrain ,GBP,15000,Seed, CyLon
15-Apr-15,2,MoneyLion ,NA,undisclosed,Series Unknown, Montage Ventures
,,BISON ,NA,undisclosed,Series Unknown, SOSV
1-Apr-15,3,Chaser ,GBP,500000,Seed, Beacon Capital LLP and 2 other investors
,,Intelligo Group ,USD,1100000,Seed, Langdell 
,,Getsafe ,USD,700000,Seed, Global Founders Capital and 4 other investors
31-Mar-15,2,AIRMESH ,NA,undisclosed,Seed, VIKRAM GUPTA
,,AIRMESH SURF ,USD,600000,Seed, AIRMESH
30-Mar-15,1,THRON - The Intelligent DAM for Marketers. ,EUR,3000000,Series Unknown, AnimaTerra  and 2 other investors
25-Mar-15,2,Ayasdi ,USD,55000000,Series C, 137 Ventures and 7 other investors
,,Bankorus ,USD,2200000,Seed, Crystal Stream Capital
23-Mar-15,2,HelloSoda ,NA,undisclosed,Non Equity Assistance, Pitch@Palace
,,LiquidLandscape ,USD,118000,Seed, Barclays Accelerator (Powered by Techstars) and Techstars
12-Mar-15,1,Ravelin ,NA,undisclosed,Seed, Barclays Accelerator (Powered by Techstars) and 2 other investors
6-Mar-15,1,GrowthIntel ,USD,3400000,Series A, MMC Ventures
1-Mar-15,3,Flyreel ,NA,undisclosed,Angel,
,,Beagle ,USD,300000,Seed, iNovia Capital and 2 other investors
,,Rotageek ,GBP,557000,Seed,
25-Feb-15,1,Dtex Systems ,USD,15000000,Series A, Norwest Venture Partners and Wing Venture Capital
23-Feb-15,1,AppZen ,NA,undisclosed,Series Unknown, Hard Yaka
18-Feb-15,1,ArgonCredit ,USD,3000000,Series A, Little Owl Management
17-Feb-15,1,Onfido ,USD,4500000,Series A, Brent Hoberman and 7 other investors
11-Feb-15,2,Digital Shadows ,USD,8000000,Series A, Passion Capital and 2 other investors
,,DAYLI Financial Group ,USD,545000,Seed,
10-Feb-15,1,Irisbond ,EUR,300000,Series A, Fitalent and Gestion De Capital Riesgo Del Pais Vasco
9-Feb-15,1,AdviceGames ,USD,570000,Funding Round,
7-Feb-15,1,Rippleshot ,USD,800000,Seed, SixThirty
3-Feb-15,1,Datavore® ,NA,undisclosed,Non Equity Assistance, FinTech Sandbox
2-Feb-15,1,idaciti Inc. ,USD,20000,Seed, MergeLane
30-Jan-15,1,Aire ,USD,1100000,Seed, Andrew Mullinger and 6 other investors
22-Jan-15,1,Kreditech Holding ,USD,200000000,Debt Financing,
20-Jan-15,1,S4 ,NA,undisclosed,Seed,
18-Jan-15,1,Safesite ,USD,225000,Seed, muru-D and RCL Accelerator
15-Jan-15,2,Made It ,USD,400000,Angel, Manmade and VonChurch
,,IDV Solutions ,NA,undisclosed,Series C, Plymouth Growth Partners
7-Jan-15,1,MinerEye ,NA,undisclosed,Non Equity Assistance, Microsoft ScaleUp Tel Aviv
6-Jan-15,2,Whistler Technologies ,USD,30000,Convertible Note, Acceleprise and Right Side Capital Management
,,Tookitaki ,USD,1000000,Seed, Blume Ventures and 2 other investors
1-Jan-15,5,OakNorth ,GBP,23000000,Seed,
,,First Access ,USD,1500000,Series Unknown, Accion Venture Lab and 2 other investors
,,Riskified,NA,undisclosed,Debt Financing, Kreos Capital
,,Fractal Labs ,GBP,800000,Seed, ACE & Company and 2 other investors
,,Awaait Artificial Intelligence S.L. ,EUR,50000,Grant, EASME - EU Executive Agency for SMEs
31-Dec-14,1,twingz ,EUR,335000,Angel,
19-Dec-14,1,Ancoa Software ,NA,undisclosed,Private Equity, SmartFin Capital
1-Dec-14,2,Deserve ,USD,1000000,Seed, Ashish Toshniwal and 3 other investors
,,AimBrain ,NA,undisclosed,Series Unknown, EntrepreneurFirst
28-Nov-14,2,Creamfinance ,USD,6200000,Series Unknown, Flint Capital
,,Narrative Science ,USD,10000000,Series D, Battery Ventures and 3 other investors
27-Nov-14,1,VendorMach ,NA,undisclosed,Seed,
18-Nov-14,1,GeoSpock Ltd. ,USD,5460000,Convertible Note, Right Side Capital Management and Techstars
15-Nov-14,1,kontoor ,USD,500000,Seed,
14-Nov-14,1,Aureus Analytics ,USD,850000,Angel, LetsVenture
12-Nov-14,1,Kreditech Holding ,NA,undisclosed,Secondary Market, HPE Growth Capital
5-Nov-14,1,AlgoDynamix Ltd. ,NA,undisclosed,Non Equity Assistance, Pitch@Palace
1-Nov-14,4,Trustev ,EUR,3207168,Convertible Note, ACT Venture Capital and 3 other investors
,,AppZen ,NA,undisclosed,Non Equity Assistance, Mastercard Start Path
,,AppZen ,USD,100000,Seed, 500 Startups and FundersClub
,,Voiceitt ,NA,undisclosed,Grant, MassChallenge
28-Oct-14,1,Socure Inc. ,USD,2500000,Series A, Anthiem Ventures and 5 other investors
19-Oct-14,1,Digital Clipboard ,USD,250000,Seed,
1-Oct-14,2,Rotageek ,GBP,100000,Angel, Wayra
,,BISON ,NA,undisclosed,Seed, Anselm Adams and 2 other investors
17-Sep-14,1,Cignifi ,USD,4853120,Series A, American Express Ventures and Omidyar Network
15-Sep-14,1,Quantemplate ,NA,undisclosed,Seed, Anthemis Group and 3 other investors
11-Sep-14,1,Lumiata ,USD,6000000,Series A, BlueCross BlueShield Venture Partners and Sandbox Industries
10-Sep-14,1,Habidatum ,NA,undisclosed,Seed,
1-Sep-14,2,UNFRAUD ,EUR,25000,Grant,
,,ArgonCredit ,USD,1800000,Seed, Merit Management
31-Aug-14,1,Onfido ,USD,500000,Angel,
20-Aug-14,1,Kasisto ,USD,2250000,Seed, BBVA Ventures and 6 other investors
18-Aug-14,1,IZICAP ,NA,undisclosed,Seed,
15-Aug-14,1,LassoX ,DKK,600000,Seed, Weis Invest
14-Aug-14,1,Yongqianbao ,NA,undisclosed,Series A, Morningside Venture Capital
7-Aug-14,1,HealthyRoad ,EUR,200000,Angel, Visum SGPS
1-Aug-14,2,HealthyRoad ,EUR,33600,Grant, Portuguese Public Funding
,,Behavox ,USD,400000,Seed,
29-Jul-14,1,ThetaRay ,USD,10000000,Series A, General Electric (GE) and 2 other investors
1-Jul-14,2,i2i Logic ,USD,41250,Seed, Cyberport Hong Kong and FONGIT
,,HealthyRoad ,EUR,30000,Grant, Start-Up Chile
25-Jun-14,1,Socure Inc. ,NA,undisclosed,Series A, ff Venture Capital
24-Jun-14,1,Kreditech Holding ,USD,40000000,Series B, Blumberg Capital and 3 other investors
16-Jun-14,1,Aire ,USD,300000,Seed, Barclays Accelerator (Powered by Techstars) and 3 other investors
10-Jun-14,1,Featurespace ,GBP,3000000,Funding Round, Imperial Innovations
1-Jun-14,3,DealStart ,USD,500000,Seed,
,,untapt ,USD,1040000,Convertible Note, Pivot Investment Partners and 2 other investors
,,AdviceRobo ,NA,undisclosed,Seed, Nestholma
14-May-14,2,Sift Science ,USD,18000000,Series B, First Round Capital and 3 other investors
,,Satago ,USD,1000000,Seed, BDMI and 5 other investors
12-May-14,1,Rotageek ,GBP,52000,Convertible Note, Wayra
10-May-14,1,CogniCor ,NA,undisclosed,Seed, Lánzame Capital SL
1-May-14,5,THRON - The Intelligent DAM for Marketers. ,EUR,2000000,Series Unknown, AnimaTerra  and 3 other investors
,,Aira Tech Corp ,NA,undisclosed,Non Equity Assistance, EvoNexus
,,Pellucid Analytics ,USD,30000,Debt Financing,
,,Feedzai ,USD,4158600,Series Unknown,
,,Switchboard Sally ,USD,175000,Seed,
1-Apr-14,2,Singular Intelligence ,NA,undisclosed,Series Unknown, Oxford University Innovation
,,ArgonCredit ,USD,250000,Seed,
31-Mar-14,2,InfoTrie ,SGD,500000,Seed,
,,Cosmo Tech ,USD,5200000,Series A, Aster and Sofimac Partners
23-Mar-14,1,DwellAware ,USD,1581000,Seed, Raffy Ardhaldjian and Storm Duncan
20-Mar-14,1,Saffron Technology ,USD,7000000,Series B, USAA
17-Mar-14,1,InvestGlass ,USD,100000,Seed,
3-Mar-14,1,DueDil ,USD,17000000,Series B, Notion and 3 other investors
2-Mar-14,1,Unified Computer Intelligence Corporation ,CAD,1100000,Angel, Maple Leaf Angels
1-Mar-14,5,import2 ,NA,undisclosed,Seed, Maxfield Capital
,,PCA Audit ,EUR,67782,Grant, Wayra
,,S4 ,USD,25000,Seed, NXTP Labs
,,GeoSpock Ltd. ,NA,undisclosed,Seed, Techstars and Techstars London Accelerator
,,Meniga ,ISK,25000000,Grant, Technology Development Fund
10-Feb-14,1,Oriense ,USD,120000,Seed, TMT 
1-Feb-14,1,Riskified,USD,4000000,Series A, Entrée Capital and 2 other investors
31-Jan-14,1,IDV Solutions ,USD,2000000,Series B, Plymouth Growth Partners
27-Jan-14,1,Kreditech Holding ,USD,10000000,Debt Financing, Kreos Capital
22-Jan-14,1,Tookitaki ,NA,undisclosed,Series Unknown, Microsoft Accelerator Bangalore
16-Jan-14,1,FixNix Inc. ,USD,162510,Debt Financing, Indian Bank
13-Jan-14,2,Social Market Analytics ,USD,300000,Series Unknown,
,,Funding Options ,GBP,500000,Series Unknown, AXM Venture Capital and 2 other investors
10-Jan-14,2,Element Inc ,USD,5250000,Seed, Adam Perold and 4 other investors
,,Novofina ,EUR,600000,Seed,
8-Jan-14,2,Crosswise ,USD,2000000,Seed, Ajay Shah and 7 other investors
,,Lumiata ,USD,4000000,Series A, Khosla Ventures
1-Jan-14,2,Veronica ,USD,20000,Seed, Wayra
,,Liber Finance Group ,NA,undisclosed,Angel,
27-Dec-13,1,Wireless Registry ,USD,1119000,Debt Financing,
24-Dec-13,1,AdviceGames ,USD,1100000,Seed,
20-Dec-13,1,Pellucid Analytics ,USD,451156,Debt Financing,
17-Dec-13,1,untapt ,USD,400000,Seed,
16-Dec-13,1,Trustev ,USD,500000,Seed, Notion
15-Dec-13,1,DwellAware ,USD,600000,Seed, Michael Danaher and 4 other investors
12-Dec-13,1,Quovo ,USD,1475732,Series A, Continuity Capital and 2 other investors
1-Dec-13,2,Deserve ,USD,1000000,Seed,
,,Voiceitt ,NA,undisclosed,Seed, Sushi Venture Partners
13-Nov-13,2,Moneytree ,USD,1600000,Seed, DG Incubation and 3 other investors
,,Flook ,NA,undisclosed,Seed,
5-Nov-13,1,Analyze Re ,CAD,1400000,Series A, BDC Venture Capital and 3 other investors
31-Oct-13,1,untapt ,USD,700000,Seed,
30-Oct-13,1,Trustev ,USD,3000000,Seed, ACT Venture Capital and 8 other investors
23-Sep-13,1,Inovance Financial Technologies ,USD,50000,Seed,
20-Sep-13,1,Digital Shadows ,NA,undisclosed,Seed, Passion Capital
16-Sep-13,1,Unified Computer Intelligence Corporation ,CAD,100000,Convertible Note,
15-Sep-13,1,Kreditech Holding ,USD,5000000,Debt Financing, Kreos Capital
13-Sep-13,1,AIRMESH ,NA,undisclosed,Pre Seed, VIKRAM GUPTA
10-Sep-13,1,Narrative Science ,USD,11500000,Series C, Battery Ventures and 4 other investors
9-Sep-13,1,MoneyLion ,NA,undisclosed,Seed, Citizen.VC and 2 other investors
1-Sep-13,2,DigitalMR ,USD,448000,Convertible Note,
,,Oriense ,USD,30000,Grant,
31-Aug-13,1,DigitalMR ,USD,1020000,Seed, Anastasios Evangelou and 4 other investors
26-Aug-13,1,Kimerick Technologies ,USD,55420,Seed, Alfred Wu and 13 other investors
21-Aug-13,1,Trusted Insight ,USD,2700000,Convertible Note, 500 Startups and 10 other investors
12-Aug-13,1,Cignifi ,USD,150000,Debt Financing,
1-Aug-13,2,Kimerick Technologies ,USD,75000,Seed,
,,ThetaRay ,USD,3500000,Seed, General Electric (GE) and 2 other investors
31-Jul-13,1,ZestFinance ,USD,20000000,Series C, Eastward Capital Partners and 6 other investors
25-Jul-13,1,Tookitaki ,USD,200000,Seed, Blume Ventures and 5 other investors
24-Jul-13,1,Intensity Analytics Corporation ,USD,3500000,Seed,
16-Jul-13,1,Ayasdi ,USD,30600000,Series B, Citi Ventures and 4 other investors
11-Jul-13,2,Canopy ,USD,775000,Seed, Tanmai Sharma
,,Meniga ,USD,6500000,Series A, Crealogix and 3 other investors
8-Jul-13,1,Riskified,USD,1650000,Seed, Entrée Capital and 6 other investors
5-Jul-13,1,ThetaRay ,NA,undisclosed,Funding Round, General Electric (GE)
2-Jul-13,1,Quantemplate ,USD,20000,Seed, Techstars and Techstars London Accelerator
24-Jun-13,1,Quantemplate ,USD,2125000,Series Unknown, Bullingdon Capital and Can Serter
23-Jun-13,1,Irisbond ,EUR,50000,Seed, Eduardo Jauregui Torrecilla and vicomtech
21-Jun-13,1,Comparo.dk ,NA,undisclosed,Seed, Northcap
14-Jun-13,1,S4 ,USD,1000000,Funding Round,
1-Jun-13,1,Financial Network Analytics ,USD,532000,Seed,
1-May-13,1,CogniCor ,EUR,595000,Series Unknown, 101 Startups and 2 other investors
22-Apr-13,1,Kreditech Holding ,USD,3500000,Series A, Blumberg Capital and 3 other investors
19-Apr-13,1,CLOUT ,NA,undisclosed,Angel,
12-Apr-13,1,DueDil ,USD,5000000,Series A, Notion and 4 other investors
5-Apr-13,1,Narrative Science ,USD,550000,Series C, In-Q-Tel
1-Apr-13,1,Aggregate Knowledge ,USD,3266100,Series Unknown, Foundation Capital and 2 other investors
31-Mar-13,1,Ayasdi ,USD,182000,Series Unknown, FLOODGATE and Khosla Ventures
19-Mar-13,1,Sift Science ,USD,4000000,Series A, Andreessen Horowitz and 6 other investors
1-Mar-13,2,Tethr ,USD,6200000,Seed,
,,Meniga ,ISK,10000000,Grant, Technology Development Fund
28-Feb-13,1,Trusted Insight ,NA,undisclosed,Seed, Dr. E. Bora Uygun and Morado Ventures
27-Feb-13,1,Aggregate Knowledge ,USD,11392065,Series E, Foundation Capital and 2 other investors
21-Feb-13,1,Drawbridge ,USD,14000000,Series B, Kleiner Perkins and 2 other investors
20-Feb-13,1,piALGO Technologies ,USD,35000,Seed,
19-Feb-13,1,Feedzai ,USD,2400000,Series A, Data Collective DCVC and Sapphire Ventures
14-Feb-13,1,Trustev ,USD,300000,Angel, Wayra
13-Feb-13,1,Selerity ,USD,3000000,Series B,
31-Jan-13,1,Social Market Analytics ,USD,110000,Seed,
16-Jan-13,1,Ayasdi ,USD,10000000,Series A, FLOODGATE and Khosla Ventures
1-Jan-13,3,Inovance Financial Technologies ,USD,15000,Seed,
,,ThetaRay ,NA,undisclosed,Seed, Jerusalem Venture Partners (JVP)
,,VATBox ,USD,6000000,Series A,
31-Dec-12,1,BISON ,USD,1235000,Seed, Techstars
18-Dec-12,1,Visible Market Inc. ,USD,800000,Seed, David Johnson and 6 other investors
17-Dec-12,2,IDV Solutions ,NA,undisclosed,Series B, Plymouth Growth Partners
,,Kreditech Holding ,USD,4000000,Series A, Blumberg Capital and Point Nine Capital
12-Dec-12,1,Digital Shadows ,NA,undisclosed,Seed,
11-Dec-12,1,Owlin ,USD,250000,Seed, Noro Venture Capital and Rockstart Accelerator
7-Dec-12,1,ZestFinance ,USD,5000000,Series B, Flybridge Capital Partners
30-Nov-12,1,twingz ,EUR,50000,Seed,
26-Nov-12,1,Aggregate Knowledge ,USD,10587475,Debt Financing, Foundation Capital and 2 other investors
15-Nov-12,1,Cignifi ,USD,2240000,Series A, Omidyar Network
13-Nov-12,1,Oriense ,USD,20000,Seed, iDealMachine and 2 other investors
1-Nov-12,1,Akselos ,NA,undisclosed,Grant, MassChallenge
30-Oct-12,1,Tookitaki ,USD,25000,Seed, Anand Ladsariya and 2 other investors
12-Oct-12,1,Tiaxa ,USD,3000000,Series F, Quona Capital
1-Oct-12,1,CogniCor ,EUR,75000,Grant, Wayra
12-Sep-12,1,Visible Market Inc. ,NA,undisclosed,Seed, Hard Yaka
14-Aug-12,1,DueDil ,NA,undisclosed,Angel, Federico Pirzio-Biroli and 3 other investors
13-Aug-12,1,Unified Computer Intelligence Corporation ,USD,229500,Product Crowdfunding,
1-Aug-12,1,Onfido ,USD,300000,Seed, Oxford University Innovation and Saïd Business School
18-Jul-12,1,Element Inc ,USD,750000,Angel, Adam Perold
5-Jul-12,1,Satago ,GBP,30000,Seed, Seedrs
2-Jul-12,1,Narrative Science ,USD,3000000,Debt Financing,
1-Jul-12,2,PCA Audit ,VEF,215000,Seed, Wayra
,,DeepVu ,USD,500000,Seed,
12-Jun-12,1,Featurespace ,GBP,1500000,Funding Round, Cambridge Angels group and 2 other investors
1-Jun-12,2,Munetrix ,USD,500000,Series Unknown,
,,Kreditech Holding ,USD,1000000,Seed, 10x Group and 6 other investors
11-May-12,1,Drawbridge ,USD,6500000,Series A, Kleiner Perkins and Sequoia Capital
3-May-12,1,Ayasdi ,USD,499982,Series Unknown,
5-Apr-12,1,Funding Options ,GBP,550000,Angel, Alan Morgan and Ric Traynor
1-Apr-12,1,Ayasdi ,USD,10067000,Private Equity,
21-Mar-12,1,Visible Market Inc. ,USD,100000,Convertible Note, Right Side Capital Management
4-Mar-12,1,Kreditech Holding ,NA,undisclosed,Angel, Digital Pioneers and 8 other investors
1-Mar-12,1,Meniga ,ISK,20000000,Grant, Technology Development Fund
1-Feb-12,2,CallVU ,NA,undisclosed,Seed, Explore. Dream. Discover.
,,BISON ,NA,undisclosed,Seed, Techstars and Techstars Boston Accelerator
30-Jan-12,1,BISON ,USD,100000,Convertible Note, Right Side Capital Management
19-Jan-12,1,ZestFinance ,USD,23000000,Series B, Flybridge Capital Partners and 4 other investors
1-Jan-12,1,CashDirector SA ,USD,2500000,Seed,
1-Dec-11,1,DeepVu ,USD,180000,Seed,
1-Nov-11,1,DueDil ,NA,undisclosed,Angel, Jonty Hurwitz
1-Sep-11,2,Sift Science ,USD,1600000,Seed, Alex Rampell and 10 other investors
,,CogniCor ,EUR,105950,Series Unknown, Wayra
1-Aug-11,1,Tiaxa ,USD,4000000,Series E, Equitas Capital Advisors
21-Jul-11,1,ZestFinance ,USD,19000000,Series A, Flybridge Capital Partners and 4 other investors
1-Jul-11,1,Aggregate Knowledge ,USD,14566285,Series D,
1-Jun-11,1,DueDil ,NA,undisclosed,Seed, Passion Capital and Playfair Capital
6-May-11,1,Feedzai ,EUR,1430000,Seed, Armilar Venture Partners and 2 other investors
1-Mar-11,1,Meniga ,ISK,9000000,Grant, Technology Development Fund
1-Jan-11,1,Narrative Science ,USD,6000000,Series B, Battery Ventures
26-Nov-10,1,THRON - The Intelligent DAM for Marketers. ,EUR,700000,Seed, AnimaTerra 
1-Sep-10,3,Ayasdi ,NA,undisclosed,Seed, FLOODGATE
,,IDV Solutions ,NA,undisclosed,Series A, Plymouth Growth Partners
,,DeepVu ,USD,250000,Angel,
1-Jun-10,1,Saffron Technology ,USD,540888,Series Unknown,
22-May-10,1,Trusted Insight ,NA,undisclosed,Seed, Founders Fund and 2 other investors
22-Apr-10,1,Narrative Science ,USD,1350000,Series Unknown, Jonty Kelt
5-Apr-10,1,Tiaxa ,USD,8000000,Series D, Cerro Castillo Capital
1-Mar-10,1,Meniga ,ISK,8000000,Grant, Technology Development Fund
6-Jan-10,1,Aggregate Knowledge ,USD,9000000,Series C, DAG Ventures and 2 other investors
15-Sep-09,1,Advanced Virtual ,EUR,250000,Seed,
29-Dec-08,1,Selerity ,USD,5020000,Series A, Doug Atkin
15-Dec-08,1,Pendo Systems ,USD,1020000,Series Unknown, Chess Ventures
15-Jan-08,1,Finicity ,USD,8900000,Seed,
